budget_id,company_id,department,period,allocated,spent,remaining
BUD-00001,COMP-01,Engineering,2025-01,99304.61,100374.8,-1070.19
BUD-00002,COMP-01,Engineering,2025-02,103484.15,107683.15,-4199.0
BUD-00003,COMP-01,Engineering,2025-03,108515.3,77105.82,31409.48
BUD-00004,COMP-01,Engineering,2025-04,88104.37,34666.48,53437.89
BUD-00005,COMP-01,Engineering,2025-05,101609.64,98067.68,3541.96
BUD-00006,COMP-01,Engineering,2025-06,95660.16,42672.09,52988.07
BUD-00007,COMP-01,Engineering,2025-07,106057.13,78851.71,27205.42
BUD-00008,COMP-01,Engineering,2025-08,98976.39,43868.8,55107.59
BUD-00009,COMP-01,Engineering,2025-09,101065.31,77699.34,23365.97
BUD-00010,COMP-01,Engineering,2025-10,104878.08,105777.84,-899.76
BUD-00011,COMP-01,Engineering,2025-11,89434.96,85558.67,3876.29
BUD-00012,COMP-01,Engineering,2025-12,95408.86,62337.36,33071.5
BUD-00013,COMP-01,Engineering,2026-01,95958.93,90151.78,5807.15
BUD-00014,COMP-01,Engineering,2026-02,98322.07,39536.61,58785.46
BUD-00015,COMP-01,Engineering,2026-03,99125.0,45425.64,53699.36
BUD-00016,COMP-01,Engineering,2026-04,87976.49,34057.84,53918.65
BUD-00017,COMP-01,Engineering,2026-05,96850.67,65761.67,31089.0
BUD-00018,COMP-01,Engineering,2026-06,87606.93,39410.04,48196.89
BUD-00019,COMP-01,Marketing,2025-01,381835.22,406838.7,-25003.48
BUD-00020,COMP-01,Marketing,2025-02,381704.94,399495.03,-17790.09
BUD-00021,COMP-01,Marketing,2025-03,395434.23,250201.56,145232.67
BUD-00022,COMP-01,Marketing,2025-04,336349.4,153988.32,182361.08
BUD-00023,COMP-01,Marketing,2025-05,404736.79,337304.58,67432.21
BUD-00024,COMP-01,Marketing,2025-06,359124.61,168496.36,190628.25
BUD-00025,COMP-01,Marketing,2025-07,390696.25,401937.9,-11241.65
BUD-00026,COMP-01,Marketing,2025-08,354611.19,382190.2,-27579.01
BUD-00027,COMP-01,Marketing,2025-09,380941.97,191198.91,189743.06
BUD-00028,COMP-01,Marketing,2025-10,348532.49,303038.01,45494.48
BUD-00029,COMP-01,Marketing,2025-11,417241.46,207950.28,209291.18
BUD-00030,COMP-01,Marketing,2025-12,353665.85,160715.73,192950.12
BUD-00031,COMP-01,Marketing,2026-01,350935.17,180617.51,170317.66
BUD-00032,COMP-01,Marketing,2026-02,370196.67,193828.41,176368.26
BUD-00033,COMP-01,Marketing,2026-03,392815.04,206254.24,186560.8
BUD-00034,COMP-01,Marketing,2026-04,356267.04,233595.19,122671.85
BUD-00035,COMP-01,Marketing,2026-05,347325.7,134532.61,212793.09
BUD-00036,COMP-01,Marketing,2026-06,340061.6,120225.37,219836.23
BUD-00037,COMP-01,Sales,2025-01,269757.2,188846.73,80910.47
BUD-00038,COMP-01,Sales,2025-02,331848.45,264988.06,66860.39
BUD-00039,COMP-01,Sales,2025-03,288759.6,185829.98,102929.62
BUD-00040,COMP-01,Sales,2025-04,297711.3,173954.65,123756.65
BUD-00041,COMP-01,Sales,2025-05,270094.92,125368.66,144726.26
BUD-00042,COMP-01,Sales,2025-06,276702.2,138839.85,137862.35
BUD-00043,COMP-01,Sales,2025-07,290584.19,123490.22,167093.97
BUD-00044,COMP-01,Sales,2025-08,311639.55,154499.06,157140.49
BUD-00045,COMP-01,Sales,2025-09,303855.32,260116.24,43739.08
BUD-00046,COMP-01,Sales,2025-10,302876.14,269859.2,33016.94
BUD-00047,COMP-01,Sales,2025-11,323793.19,219135.13,104658.06
BUD-00048,COMP-01,Sales,2025-12,281818.12,107381.94,174436.18
BUD-00049,COMP-01,Sales,2026-01,317341.39,196235.81,121105.58
BUD-00050,COMP-01,Sales,2026-02,287624.58,118229.5,169395.08
BUD-00051,COMP-01,Sales,2026-03,279430.19,279682.46,-252.27
BUD-00052,COMP-01,Sales,2026-04,301020.05,291518.2,9501.85
BUD-00053,COMP-01,Sales,2026-05,328541.04,174501.59,154039.45
BUD-00054,COMP-01,Sales,2026-06,282832.45,282068.26,764.19
BUD-00055,COMP-01,HR,2025-01,163491.71,168992.08,-5500.37
BUD-00056,COMP-01,HR,2025-02,158326.81,104503.48,53823.33
BUD-00057,COMP-01,HR,2025-03,177476.31,173929.62,3546.69
BUD-00058,COMP-01,HR,2025-04,176287.26,152685.13,23602.13
BUD-00059,COMP-01,HR,2025-05,148913.95,57343.64,91570.31
BUD-00060,COMP-01,HR,2025-06,141030.68,144396.62,-3365.94
BUD-00061,COMP-01,HR,2025-07,161328.28,160483.04,845.24
BUD-00062,COMP-01,HR,2025-08,177481.57,92864.63,84616.94
BUD-00063,COMP-01,HR,2025-09,177970.02,97863.09,80106.93
BUD-00064,COMP-01,HR,2025-10,147166.14,80739.77,66426.37
BUD-00065,COMP-01,HR,2025-11,178957.07,185394.11,-6437.04
BUD-00066,COMP-01,HR,2025-12,153911.54,108024.23,45887.31
BUD-00067,COMP-01,HR,2026-01,172266.7,161404.09,10862.61
BUD-00068,COMP-01,HR,2026-02,175139.99,107622.93,67517.06
BUD-00069,COMP-01,HR,2026-03,149235.95,108102.45,41133.5
BUD-00070,COMP-01,HR,2026-04,176562.34,140825.57,35736.77
BUD-00071,COMP-01,HR,2026-05,174145.83,85894.22,88251.61
BUD-00072,COMP-01,HR,2026-06,159943.87,163063.79,-3119.92
BUD-00073,COMP-01,Operations,2025-01,288496.26,271060.95,17435.31
BUD-00074,COMP-01,Operations,2025-02,265444.42,226481.95,38962.47
BUD-00075,COMP-01,Operations,2025-03,281803.13,189044.75,92758.38
BUD-00076,COMP-01,Operations,2025-04,270531.29,254667.14,15864.15
BUD-00077,COMP-01,Operations,2025-05,294263.63,314946.19,-20682.56
BUD-00078,COMP-01,Operations,2025-06,260501.08,219755.31,40745.77
BUD-00079,COMP-01,Operations,2025-07,272541.89,264863.93,7677.96
BUD-00080,COMP-01,Operations,2025-08,252161.64,174202.62,77959.02
BUD-00081,COMP-01,Operations,2025-09,253197.6,237078.65,16118.95
BUD-00082,COMP-01,Operations,2025-10,283016.0,100370.83,182645.17
BUD-00083,COMP-01,Operations,2025-11,243498.36,110399.61,133098.75
BUD-00084,COMP-01,Operations,2025-12,275197.44,252053.75,23143.69
BUD-00085,COMP-01,Operations,2026-01,258959.84,105648.97,153310.87
BUD-00086,COMP-01,Operations,2026-02,274819.28,219447.84,55371.44
BUD-00087,COMP-01,Operations,2026-03,264633.31,144932.0,119701.31
BUD-00088,COMP-01,Operations,2026-04,259151.69,134665.25,124486.44
BUD-00089,COMP-01,Operations,2026-05,289745.67,182130.51,107615.16
BUD-00090,COMP-01,Operations,2026-06,283224.35,212660.56,70563.79
BUD-00091,COMP-01,Finance,2025-01,148735.63,124851.11,23884.52
BUD-00092,COMP-01,Finance,2025-02,171106.33,174488.85,-3382.52
BUD-00093,COMP-01,Finance,2025-03,143917.57,77603.17,66314.4
BUD-00094,COMP-01,Finance,2025-04,141816.89,69225.87,72591.02
BUD-00095,COMP-01,Finance,2025-05,152833.52,133612.12,19221.4
BUD-00096,COMP-01,Finance,2025-06,173133.44,135270.08,37863.36
BUD-00097,COMP-01,Finance,2025-07,143595.06,89715.58,53879.48
BUD-00098,COMP-01,Finance,2025-08,143521.43,79521.26,64000.17
BUD-00099,COMP-01,Finance,2025-09,160043.08,114625.63,45417.45
BUD-00100,COMP-01,Finance,2025-10,144612.04,79762.52,64849.52
BUD-00101,COMP-01,Finance,2025-11,172370.44,139660.5,32709.94
BUD-00102,COMP-01,Finance,2025-12,161075.29,94248.72,66826.57
BUD-00103,COMP-01,Finance,2026-01,149481.27,135414.24,14067.03
BUD-00104,COMP-01,Finance,2026-02,138592.03,114657.53,23934.5
BUD-00105,COMP-01,Finance,2026-03,174674.43,142148.15,32526.28
BUD-00106,COMP-01,Finance,2026-04,139859.82,52401.22,87458.6
BUD-00107,COMP-01,Finance,2026-05,168110.22,81566.34,86543.88
BUD-00108,COMP-01,Finance,2026-06,154194.0,127299.41,26894.59
BUD-00109,COMP-01,IT,2025-01,287720.78,244001.56,43719.22
BUD-00110,COMP-01,IT,2025-02,334037.03,231097.93,102939.1
BUD-00111,COMP-01,IT,2025-03,295744.82,251524.97,44219.85
BUD-00112,COMP-01,IT,2025-04,331039.77,281869.77,49170.0
BUD-00113,COMP-01,IT,2025-05,335044.25,308422.01,26622.24
BUD-00114,COMP-01,IT,2025-06,337212.59,179637.64,157574.95
BUD-00115,COMP-01,IT,2025-07,316221.68,159031.28,157190.4
BUD-00116,COMP-01,IT,2025-08,275108.27,164872.69,110235.58
BUD-00117,COMP-01,IT,2025-09,336408.98,190076.32,146332.66
BUD-00118,COMP-01,IT,2025-10,289271.67,296957.1,-7685.43
BUD-00119,COMP-01,IT,2025-11,339080.16,306175.31,32904.85
BUD-00120,COMP-01,IT,2025-12,292507.11,278173.39,14333.72
BUD-00121,COMP-01,IT,2026-01,271264.28,96943.42,174320.86
BUD-00122,COMP-01,IT,2026-02,271092.0,161127.46,109964.54
BUD-00123,COMP-01,IT,2026-03,284267.06,277784.79,6482.27
BUD-00124,COMP-01,IT,2026-04,299478.92,290906.53,8572.39
BUD-00125,COMP-01,IT,2026-05,302522.42,188087.94,114434.48
BUD-00126,COMP-01,IT,2026-06,291532.46,112138.49,179393.97
BUD-00127,COMP-01,Legal,2025-01,256559.68,271776.55,-15216.87
BUD-00128,COMP-01,Legal,2025-02,255463.77,107650.92,147812.85
BUD-00129,COMP-01,Legal,2025-03,227867.88,218475.8,9392.08
BUD-00130,COMP-01,Legal,2025-04,211627.17,84155.32,127471.85
BUD-00131,COMP-01,Legal,2025-05,214544.15,88269.63,126274.52
BUD-00132,COMP-01,Legal,2025-06,244666.52,212907.71,31758.81
BUD-00133,COMP-01,Legal,2025-07,258662.89,100075.41,158587.48
BUD-00134,COMP-01,Legal,2025-08,242559.24,225403.01,17156.23
BUD-00135,COMP-01,Legal,2025-09,213007.75,86852.58,126155.17
BUD-00136,COMP-01,Legal,2025-10,258181.52,239348.85,18832.67
BUD-00137,COMP-01,Legal,2025-11,206837.14,100645.83,106191.31
BUD-00138,COMP-01,Legal,2025-12,240071.04,113977.31,126093.73
BUD-00139,COMP-01,Legal,2026-01,227523.92,104540.88,122983.04
BUD-00140,COMP-01,Legal,2026-02,208105.86,146422.51,61683.35
BUD-00141,COMP-01,Legal,2026-03,233525.23,226135.47,7389.76
BUD-00142,COMP-01,Legal,2026-04,203161.71,123721.03,79440.68
BUD-00143,COMP-01,Legal,2026-05,207003.8,155958.84,51044.96
BUD-00144,COMP-01,Legal,2026-06,212260.63,125596.79,86663.84
BUD-00145,COMP-01,R&D,2025-01,414500.0,347349.2,67150.8
BUD-00146,COMP-01,R&D,2025-02,410232.68,203954.01,206278.67
BUD-00147,COMP-01,R&D,2025-03,417941.61,442297.57,-24355.96
BUD-00148,COMP-01,R&D,2025-04,359863.12,346343.44,13519.68
BUD-00149,COMP-01,R&D,2025-05,384704.45,191159.19,193545.26
BUD-00150,COMP-01,R&D,2025-06,415058.74,403116.85,11941.89
BUD-00151,COMP-01,R&D,2025-07,367443.91,181483.22,185960.69
BUD-00152,COMP-01,R&D,2025-08,400004.77,199742.88,200261.89
BUD-00153,COMP-01,R&D,2025-09,400586.18,429725.34,-29139.16
BUD-00154,COMP-01,R&D,2025-10,353656.59,234217.65,119438.94
BUD-00155,COMP-01,R&D,2025-11,370862.82,174893.69,195969.13
BUD-00156,COMP-01,R&D,2025-12,408575.81,425588.63,-17012.82
BUD-00157,COMP-01,R&D,2026-01,396972.24,300782.86,96189.38
BUD-00158,COMP-01,R&D,2026-02,419359.55,409748.98,9610.57
BUD-00159,COMP-01,R&D,2026-03,445456.32,264240.73,181215.59
BUD-00160,COMP-01,R&D,2026-04,368445.25,375481.65,-7036.4
BUD-00161,COMP-01,R&D,2026-05,410182.25,407913.89,2268.36
BUD-00162,COMP-01,R&D,2026-06,365463.94,338451.21,27012.73
BUD-00163,COMP-01,Customer Success,2025-01,109948.95,48203.27,61745.68
BUD-00164,COMP-01,Customer Success,2025-02,116726.67,76242.43,40484.24
BUD-00165,COMP-01,Customer Success,2025-03,125436.01,129769.05,-4333.04
BUD-00166,COMP-01,Customer Success,2025-04,118717.51,91687.78,27029.73
BUD-00167,COMP-01,Customer Success,2025-05,118166.45,74381.2,43785.25
BUD-00168,COMP-01,Customer Success,2025-06,113869.53,40280.22,73589.31
BUD-00169,COMP-01,Customer Success,2025-07,113597.69,99705.84,13891.85
BUD-00170,COMP-01,Customer Success,2025-08,129600.99,110265.83,19335.16
BUD-00171,COMP-01,Customer Success,2025-09,119054.93,77386.18,41668.75
BUD-00172,COMP-01,Customer Success,2025-10,111633.38,58842.74,52790.64
BUD-00173,COMP-01,Customer Success,2025-11,135458.81,105515.46,29943.35
BUD-00174,COMP-01,Customer Success,2025-12,117967.21,87370.14,30597.07
BUD-00175,COMP-01,Customer Success,2026-01,120575.14,68073.85,52501.29
BUD-00176,COMP-01,Customer Success,2026-02,118373.43,78616.98,39756.45
BUD-00177,COMP-01,Customer Success,2026-03,132531.61,132586.78,-55.17
BUD-00178,COMP-01,Customer Success,2026-04,114553.59,78186.59,36367.0
BUD-00179,COMP-01,Customer Success,2026-05,112605.46,117730.84,-5125.38
BUD-00180,COMP-01,Customer Success,2026-06,110074.28,77214.36,32859.92
BUD-00181,COMP-02,Engineering,2025-01,85154.44,58395.94,26758.5
BUD-00182,COMP-02,Engineering,2025-02,75791.74,34920.19,40871.55
BUD-00183,COMP-02,Engineering,2025-03,85973.97,59834.21,26139.76
BUD-00184,COMP-02,Engineering,2025-04,81853.76,31880.98,49972.78
BUD-00185,COMP-02,Engineering,2025-05,82289.73,49689.59,32600.14
BUD-00186,COMP-02,Engineering,2025-06,77666.61,61174.0,16492.61
BUD-00187,COMP-02,Engineering,2025-07,80104.72,59130.91,20973.81
BUD-00188,COMP-02,Engineering,2025-08,90376.13,32574.3,57801.83
BUD-00189,COMP-02,Engineering,2025-09,85930.55,70040.68,15889.87
BUD-00190,COMP-02,Engineering,2025-10,94241.57,80477.64,13763.93
BUD-00191,COMP-02,Engineering,2025-11,93057.94,77584.8,15473.14
BUD-00192,COMP-02,Engineering,2025-12,80195.63,75690.09,4505.54
BUD-00193,COMP-02,Engineering,2026-01,91341.64,64430.98,26910.66
BUD-00194,COMP-02,Engineering,2026-02,94896.58,36592.53,58304.05
BUD-00195,COMP-02,Engineering,2026-03,94530.32,57748.45,36781.87
BUD-00196,COMP-02,Engineering,2026-04,86865.8,80942.23,5923.57
BUD-00197,COMP-02,Engineering,2026-05,78997.23,56252.75,22744.48
BUD-00198,COMP-02,Engineering,2026-06,75810.24,28540.82,47269.42
BUD-00199,COMP-02,Marketing,2025-01,368519.25,243793.65,124725.6
BUD-00200,COMP-02,Marketing,2025-02,358963.53,369889.73,-10926.2
BUD-00201,COMP-02,Marketing,2025-03,396239.11,386049.23,10189.88
BUD-00202,COMP-02,Marketing,2025-04,373594.77,257094.23,116500.54
BUD-00203,COMP-02,Marketing,2025-05,371166.93,289680.62,81486.31
BUD-00204,COMP-02,Marketing,2025-06,415566.94,319396.47,96170.47
BUD-00205,COMP-02,Marketing,2025-07,403721.26,232693.36,171027.9
BUD-00206,COMP-02,Marketing,2025-08,439227.45,159974.02,279253.43
BUD-00207,COMP-02,Marketing,2025-09,363406.02,304242.54,59163.48
BUD-00208,COMP-02,Marketing,2025-10,441208.86,427373.32,13835.54
BUD-00209,COMP-02,Marketing,2025-11,371105.27,385444.86,-14339.59
BUD-00210,COMP-02,Marketing,2025-12,391400.13,300148.73,91251.4
BUD-00211,COMP-02,Marketing,2026-01,409795.36,328154.51,81640.85
BUD-00212,COMP-02,Marketing,2026-02,432196.95,434815.73,-2618.78
BUD-00213,COMP-02,Marketing,2026-03,377818.74,378299.93,-481.19
BUD-00214,COMP-02,Marketing,2026-04,377809.06,320826.46,56982.6
BUD-00215,COMP-02,Marketing,2026-05,362576.72,295695.64,66881.08
BUD-00216,COMP-02,Marketing,2026-06,376327.78,404934.83,-28607.05
BUD-00217,COMP-02,Sales,2025-01,291866.81,307119.71,-15252.9
BUD-00218,COMP-02,Sales,2025-02,271970.41,243468.84,28501.57
BUD-00219,COMP-02,Sales,2025-03,310983.45,112725.88,198257.57
BUD-00220,COMP-02,Sales,2025-04,297177.47,129270.24,167907.23
BUD-00221,COMP-02,Sales,2025-05,336699.49,142356.19,194343.3
BUD-00222,COMP-02,Sales,2025-06,310033.48,231449.4,78584.08
BUD-00223,COMP-02,Sales,2025-07,272678.32,281426.56,-8748.24
BUD-00224,COMP-02,Sales,2025-08,305525.55,244793.61,60731.94
BUD-00225,COMP-02,Sales,2025-09,282789.88,130727.53,152062.35
BUD-00226,COMP-02,Sales,2025-10,287362.25,107853.11,179509.14
BUD-00227,COMP-02,Sales,2025-11,278246.41,198133.33,80113.08
BUD-00228,COMP-02,Sales,2025-12,292098.75,264366.77,27731.98
BUD-00229,COMP-02,Sales,2026-01,273893.01,137103.76,136789.25
BUD-00230,COMP-02,Sales,2026-02,301808.57,257024.29,44784.28
BUD-00231,COMP-02,Sales,2026-03,286528.2,143515.97,143012.23
BUD-00232,COMP-02,Sales,2026-04,272674.4,167807.22,104867.18
BUD-00233,COMP-02,Sales,2026-05,291275.74,271393.35,19882.39
BUD-00234,COMP-02,Sales,2026-06,281090.51,168260.13,112830.38
BUD-00235,COMP-02,HR,2025-01,303107.85,114623.98,188483.87
BUD-00236,COMP-02,HR,2025-02,364028.67,370430.35,-6401.68
BUD-00237,COMP-02,HR,2025-03,311782.93,173613.21,138169.72
BUD-00238,COMP-02,HR,2025-04,323244.87,162759.81,160485.06
BUD-00239,COMP-02,HR,2025-05,349242.0,347901.14,1340.86
BUD-00240,COMP-02,HR,2025-06,343319.36,220265.9,123053.46
BUD-00241,COMP-02,HR,2025-07,353494.15,365360.48,-11866.33
BUD-00242,COMP-02,HR,2025-08,301256.62,252434.72,48821.9
BUD-00243,COMP-02,HR,2025-09,300366.76,321362.38,-20995.62
BUD-00244,COMP-02,HR,2025-10,349970.64,227161.4,122809.24
BUD-00245,COMP-02,HR,2025-11,345623.23,194936.88,150686.35
BUD-00246,COMP-02,HR,2025-12,291683.54,211447.85,80235.69
BUD-00247,COMP-02,HR,2026-01,292614.69,199994.86,92619.83
BUD-00248,COMP-02,HR,2026-02,354530.08,273442.47,81087.61
BUD-00249,COMP-02,HR,2026-03,307793.42,155378.38,152415.04
BUD-00250,COMP-02,HR,2026-04,331057.17,238950.18,92106.99
BUD-00251,COMP-02,HR,2026-05,358562.39,170381.68,188180.71
BUD-00252,COMP-02,HR,2026-06,323720.1,219107.59,104612.51
BUD-00253,COMP-02,Operations,2025-01,189864.64,119593.26,70271.38
BUD-00254,COMP-02,Operations,2025-02,207750.84,102138.07,105612.77
BUD-00255,COMP-02,Operations,2025-03,196601.6,144427.34,52174.26
BUD-00256,COMP-02,Operations,2025-04,227665.55,159895.72,67769.83
BUD-00257,COMP-02,Operations,2025-05,197889.2,74232.56,123656.64
BUD-00258,COMP-02,Operations,2025-06,206503.64,124148.58,82355.06
BUD-00259,COMP-02,Operations,2025-07,186332.63,129709.44,56623.19
BUD-00260,COMP-02,Operations,2025-08,211421.98,128215.11,83206.87
BUD-00261,COMP-02,Operations,2025-09,217393.18,176369.82,41023.36
BUD-00262,COMP-02,Operations,2025-10,183673.05,70895.15,112777.9
BUD-00263,COMP-02,Operations,2025-11,206879.89,163811.55,43068.34
BUD-00264,COMP-02,Operations,2025-12,208457.15,107846.42,100610.73
BUD-00265,COMP-02,Operations,2026-01,197795.28,172860.95,24934.33
BUD-00266,COMP-02,Operations,2026-02,200428.02,147542.58,52885.44
BUD-00267,COMP-02,Operations,2026-03,191982.58,155337.76,36644.82
BUD-00268,COMP-02,Operations,2026-04,204564.99,72021.44,132543.55
BUD-00269,COMP-02,Operations,2026-05,218359.48,204438.14,13921.34
BUD-00270,COMP-02,Operations,2026-06,230019.2,238735.43,-8716.23
BUD-00271,COMP-02,Finance,2025-01,309808.7,168525.95,141282.75
BUD-00272,COMP-02,Finance,2025-02,327850.25,214994.44,112855.81
BUD-00273,COMP-02,Finance,2025-03,298848.92,130104.75,168744.17
BUD-00274,COMP-02,Finance,2025-04,320377.59,278308.59,42069.0
BUD-00275,COMP-02,Finance,2025-05,332854.87,153569.07,179285.8
BUD-00276,COMP-02,Finance,2025-06,289858.45,236287.85,53570.6
BUD-00277,COMP-02,Finance,2025-07,284121.07,283274.74,846.33
BUD-00278,COMP-02,Finance,2025-08,344901.64,279567.82,65333.82
BUD-00279,COMP-02,Finance,2025-09,294165.17,223717.1,70448.07
BUD-00280,COMP-02,Finance,2025-10,332618.93,200168.46,132450.47
BUD-00281,COMP-02,Finance,2025-11,323728.33,255419.09,68309.24
BUD-00282,COMP-02,Finance,2025-12,343475.37,314820.5,28654.87
BUD-00283,COMP-02,Finance,2026-01,325224.64,243201.26,82023.38
BUD-00284,COMP-02,Finance,2026-02,342038.31,270188.44,71849.87
BUD-00285,COMP-02,Finance,2026-03,326745.8,188435.03,138310.77
BUD-00286,COMP-02,Finance,2026-04,282430.33,213856.98,68573.35
BUD-00287,COMP-02,Finance,2026-05,291193.51,308035.92,-16842.41
BUD-00288,COMP-02,Finance,2026-06,291105.32,292208.68,-1103.36
BUD-00289,COMP-02,IT,2025-01,176967.4,136502.02,40465.38
BUD-00290,COMP-02,IT,2025-02,183061.09,196865.5,-13804.41
BUD-00291,COMP-02,IT,2025-03,196843.46,83409.46,113434.0
BUD-00292,COMP-02,IT,2025-04,182489.23,78765.93,103723.3
BUD-00293,COMP-02,IT,2025-05,191054.95,140477.45,50577.5
BUD-00294,COMP-02,IT,2025-06,182762.13,153728.82,29033.31
BUD-00295,COMP-02,IT,2025-07,188781.52,179047.69,9733.83
BUD-00296,COMP-02,IT,2025-08,199715.13,107615.45,92099.68
BUD-00297,COMP-02,IT,2025-09,206755.1,76831.79,129923.31
BUD-00298,COMP-02,IT,2025-10,178998.62,66354.42,112644.2
BUD-00299,COMP-02,IT,2025-11,212428.15,157393.84,55034.31
BUD-00300,COMP-02,IT,2025-12,207286.42,222365.47,-15079.05
BUD-00301,COMP-02,IT,2026-01,172288.62,173496.7,-1208.08
BUD-00302,COMP-02,IT,2026-02,168985.65,145617.31,23368.34
BUD-00303,COMP-02,IT,2026-03,205038.24,129352.25,75685.99
BUD-00304,COMP-02,IT,2026-04,209562.28,190639.29,18922.99
BUD-00305,COMP-02,IT,2026-05,191242.51,106155.43,85087.08
BUD-00306,COMP-02,IT,2026-06,175452.72,71165.42,104287.3
BUD-00307,COMP-02,Legal,2025-01,261151.99,127170.65,133981.34
BUD-00308,COMP-02,Legal,2025-02,261507.48,106682.04,154825.44
BUD-00309,COMP-02,Legal,2025-03,247040.44,207132.62,39907.82
BUD-00310,COMP-02,Legal,2025-04,237502.45,173794.14,63708.31
BUD-00311,COMP-02,Legal,2025-05,236392.33,234948.87,1443.46
BUD-00312,COMP-02,Legal,2025-06,241307.14,248530.41,-7223.27
BUD-00313,COMP-02,Legal,2025-07,286060.03,301580.76,-15520.73
BUD-00314,COMP-02,Legal,2025-08,245796.37,208326.95,37469.42
BUD-00315,COMP-02,Legal,2025-09,232351.8,246199.3,-13847.5
BUD-00316,COMP-02,Legal,2025-10,271750.21,102444.34,169305.87
BUD-00317,COMP-02,Legal,2025-11,236686.46,101078.4,135608.06
BUD-00318,COMP-02,Legal,2025-12,249943.02,258481.02,-8538.0
BUD-00319,COMP-02,Legal,2026-01,277880.12,163408.13,114471.99
BUD-00320,COMP-02,Legal,2026-02,279178.43,99865.78,179312.65
BUD-00321,COMP-02,Legal,2026-03,262419.28,166427.57,95991.71
BUD-00322,COMP-02,Legal,2026-04,232707.26,237634.23,-4926.97
BUD-00323,COMP-02,Legal,2026-05,269559.41,290271.68,-20712.27
BUD-00324,COMP-02,Legal,2026-06,268444.16,215646.94,52797.22
BUD-00325,COMP-02,R&D,2025-01,123089.34,123661.58,-572.24
BUD-00326,COMP-02,R&D,2025-02,125581.35,102456.64,23124.71
BUD-00327,COMP-02,R&D,2025-03,122592.62,74956.77,47635.85
BUD-00328,COMP-02,R&D,2025-04,109064.17,55579.79,53484.38
BUD-00329,COMP-02,R&D,2025-05,114334.28,47636.05,66698.23
BUD-00330,COMP-02,R&D,2025-06,110345.55,99484.48,10861.07
BUD-00331,COMP-02,R&D,2025-07,138769.34,119247.84,19521.5
BUD-00332,COMP-02,R&D,2025-08,133794.1,67303.69,66490.41
BUD-00333,COMP-02,R&D,2025-09,134364.81,84371.15,49993.66
BUD-00334,COMP-02,R&D,2025-10,134519.17,70436.9,64082.27
BUD-00335,COMP-02,R&D,2025-11,117739.13,86473.98,31265.15
BUD-00336,COMP-02,R&D,2025-12,115463.21,62205.96,53257.25
BUD-00337,COMP-02,R&D,2026-01,130654.44,121010.68,9643.76
BUD-00338,COMP-02,R&D,2026-02,138395.63,114570.48,23825.15
BUD-00339,COMP-02,R&D,2026-03,119296.56,82602.45,36694.11
BUD-00340,COMP-02,R&D,2026-04,126399.17,98908.61,27490.56
BUD-00341,COMP-02,R&D,2026-05,136413.81,104216.81,32197.0
BUD-00342,COMP-02,R&D,2026-06,137744.92,96259.53,41485.39
BUD-00343,COMP-02,Customer Success,2025-01,202117.51,118564.14,83553.37
BUD-00344,COMP-02,Customer Success,2025-02,227395.18,81509.93,145885.25
BUD-00345,COMP-02,Customer Success,2025-03,224987.9,97791.21,127196.69
BUD-00346,COMP-02,Customer Success,2025-04,215403.32,214401.54,1001.78
BUD-00347,COMP-02,Customer Success,2025-05,251494.2,109025.87,142468.33
BUD-00348,COMP-02,Customer Success,2025-06,233246.87,164455.74,68791.13
BUD-00349,COMP-02,Customer Success,2025-07,203492.83,115404.72,88088.11
BUD-00350,COMP-02,Customer Success,2025-08,230265.37,152084.95,78180.42
BUD-00351,COMP-02,Customer Success,2025-09,232237.84,92480.0,139757.84
BUD-00352,COMP-02,Customer Success,2025-10,234649.29,186860.17,47789.12
BUD-00353,COMP-02,Customer Success,2025-11,211068.72,161239.36,49829.36
BUD-00354,COMP-02,Customer Success,2025-12,252531.81,252660.14,-128.33
BUD-00355,COMP-02,Customer Success,2026-01,234854.27,171475.03,63379.24
BUD-00356,COMP-02,Customer Success,2026-02,242262.9,165057.92,77204.98
BUD-00357,COMP-02,Customer Success,2026-03,239871.57,149221.39,90650.18
BUD-00358,COMP-02,Customer Success,2026-04,231425.66,204967.54,26458.12
BUD-00359,COMP-02,Customer Success,2026-05,233099.01,184176.08,48922.93
BUD-00360,COMP-02,Customer Success,2026-06,221908.57,134380.55,87528.02
BUD-00361,COMP-03,Engineering,2025-01,293015.86,196875.28,96140.58
BUD-00362,COMP-03,Engineering,2025-02,288155.5,161997.53,126157.97
BUD-00363,COMP-03,Engineering,2025-03,306049.56,303279.06,2770.5
BUD-00364,COMP-03,Engineering,2025-04,274835.28,226533.3,48301.98
BUD-00365,COMP-03,Engineering,2025-05,299204.94,243874.34,55330.6
BUD-00366,COMP-03,Engineering,2025-06,308757.89,198240.29,110517.6
BUD-00367,COMP-03,Engineering,2025-07,261478.3,160869.72,100608.58
BUD-00368,COMP-03,Engineering,2025-08,298462.6,241628.61,56833.99
BUD-00369,COMP-03,Engineering,2025-09,327837.21,272117.56,55719.65
BUD-00370,COMP-03,Engineering,2025-10,308023.3,186618.71,121404.59
BUD-00371,COMP-03,Engineering,2025-11,318249.74,141486.8,176762.94
BUD-00372,COMP-03,Engineering,2025-12,324827.27,229785.92,95041.35
BUD-00373,COMP-03,Engineering,2026-01,293562.56,251065.23,42497.33
BUD-00374,COMP-03,Engineering,2026-02,300032.8,323089.05,-23056.25
BUD-00375,COMP-03,Engineering,2026-03,269451.56,106838.21,162613.35
BUD-00376,COMP-03,Engineering,2026-04,303795.47,156492.73,147302.74
BUD-00377,COMP-03,Engineering,2026-05,277190.43,299010.32,-21819.89
BUD-00378,COMP-03,Engineering,2026-06,299038.94,168628.92,130410.02
BUD-00379,COMP-03,Marketing,2025-01,188125.27,100466.6,87658.67
BUD-00380,COMP-03,Marketing,2025-02,183668.37,195201.38,-11533.01
BUD-00381,COMP-03,Marketing,2025-03,213172.61,130573.93,82598.68
BUD-00382,COMP-03,Marketing,2025-04,182388.13,193726.71,-11338.58
BUD-00383,COMP-03,Marketing,2025-05,220797.01,92585.58,128211.43
BUD-00384,COMP-03,Marketing,2025-06,219777.03,165385.13,54391.9
BUD-00385,COMP-03,Marketing,2025-07,225471.27,151406.95,74064.32
BUD-00386,COMP-03,Marketing,2025-08,198451.57,70668.64,127782.93
BUD-00387,COMP-03,Marketing,2025-09,205369.36,107665.94,97703.42
BUD-00388,COMP-03,Marketing,2025-10,220364.39,113131.1,107233.29
BUD-00389,COMP-03,Marketing,2025-11,220454.16,130839.79,89614.37
BUD-00390,COMP-03,Marketing,2025-12,216703.87,188806.22,27897.65
BUD-00391,COMP-03,Marketing,2026-01,222933.92,171615.9,51318.02
BUD-00392,COMP-03,Marketing,2026-02,194751.39,105538.41,89212.98
BUD-00393,COMP-03,Marketing,2026-03,188584.2,80207.28,108376.92
BUD-00394,COMP-03,Marketing,2026-04,191742.64,111494.02,80248.62
BUD-00395,COMP-03,Marketing,2026-05,217501.95,77218.89,140283.06
BUD-00396,COMP-03,Marketing,2026-06,201724.27,145356.29,56367.98
BUD-00397,COMP-03,Sales,2025-01,140213.33,70297.08,69916.25
BUD-00398,COMP-03,Sales,2025-02,141837.15,67189.18,74647.97
BUD-00399,COMP-03,Sales,2025-03,146258.27,84514.02,61744.25
BUD-00400,COMP-03,Sales,2025-04,120650.24,55471.84,65178.4
BUD-00401,COMP-03,Sales,2025-05,124236.19,55460.54,68775.65
BUD-00402,COMP-03,Sales,2025-06,127821.6,135311.36,-7489.76
BUD-00403,COMP-03,Sales,2025-07,129803.96,82744.46,47059.5
BUD-00404,COMP-03,Sales,2025-08,142158.11,57427.08,84731.03
BUD-00405,COMP-03,Sales,2025-09,120429.28,118634.41,1794.87
BUD-00406,COMP-03,Sales,2025-10,128249.99,61239.64,67010.35
BUD-00407,COMP-03,Sales,2025-11,123565.58,110318.31,13247.27
BUD-00408,COMP-03,Sales,2025-12,149490.97,95840.86,53650.11
BUD-00409,COMP-03,Sales,2026-01,140808.83,96746.13,44062.7
BUD-00410,COMP-03,Sales,2026-02,124224.28,72030.46,52193.82
BUD-00411,COMP-03,Sales,2026-03,128644.48,68537.4,60107.08
BUD-00412,COMP-03,Sales,2026-04,143485.43,59738.37,83747.06
BUD-00413,COMP-03,Sales,2026-05,130185.79,115389.54,14796.25
BUD-00414,COMP-03,Sales,2026-06,118649.99,124983.01,-6333.02
BUD-00415,COMP-03,HR,2025-01,294233.12,144280.25,149952.87
BUD-00416,COMP-03,HR,2025-02,263163.67,254111.48,9052.19
BUD-00417,COMP-03,HR,2025-03,316579.89,114253.19,202326.7
BUD-00418,COMP-03,HR,2025-04,305647.99,151600.78,154047.21
BUD-00419,COMP-03,HR,2025-05,254430.38,199885.74,54544.64
BUD-00420,COMP-03,HR,2025-06,255688.54,246429.85,9258.69
BUD-00421,COMP-03,HR,2025-07,307512.72,171853.85,135658.87
BUD-00422,COMP-03,HR,2025-08,259119.48,187732.44,71387.04
BUD-00423,COMP-03,HR,2025-09,300952.17,113655.93,187296.24
BUD-00424,COMP-03,HR,2025-10,297849.78,131111.24,166738.54
BUD-00425,COMP-03,HR,2025-11,275257.12,129485.82,145771.3
BUD-00426,COMP-03,HR,2025-12,254707.13,188588.26,66118.87
BUD-00427,COMP-03,HR,2026-01,269820.65,273892.62,-4071.97
BUD-00428,COMP-03,HR,2026-02,311648.13,274293.2,37354.93
BUD-00429,COMP-03,HR,2026-03,284507.0,233878.11,50628.89
BUD-00430,COMP-03,HR,2026-04,272111.84,188400.64,83711.2
BUD-00431,COMP-03,HR,2026-05,286997.78,188678.41,98319.37
BUD-00432,COMP-03,HR,2026-06,279863.4,272018.07,7845.33
BUD-00433,COMP-03,Operations,2025-01,429780.96,419769.42,10011.54
BUD-00434,COMP-03,Operations,2025-02,387087.45,156501.46,230585.99
BUD-00435,COMP-03,Operations,2025-03,378909.69,270883.94,108025.75
BUD-00436,COMP-03,Operations,2025-04,432636.03,383229.09,49406.94
BUD-00437,COMP-03,Operations,2025-05,447539.78,411116.29,36423.49
BUD-00438,COMP-03,Operations,2025-06,386449.37,150846.53,235602.84
BUD-00439,COMP-03,Operations,2025-07,404636.67,239060.74,165575.93
BUD-00440,COMP-03,Operations,2025-08,443055.9,447978.68,-4922.78
BUD-00441,COMP-03,Operations,2025-09,410187.4,375291.35,34896.05
BUD-00442,COMP-03,Operations,2025-10,428887.85,312853.09,116034.76
BUD-00443,COMP-03,Operations,2025-11,400653.05,418994.61,-18341.56
BUD-00444,COMP-03,Operations,2025-12,435892.14,334329.38,101562.76
BUD-00445,COMP-03,Operations,2026-01,454663.44,208527.97,246135.47
BUD-00446,COMP-03,Operations,2026-02,433098.76,325509.42,107589.34
BUD-00447,COMP-03,Operations,2026-03,388708.54,172060.82,216647.72
BUD-00448,COMP-03,Operations,2026-04,414442.39,407961.78,6480.61
BUD-00449,COMP-03,Operations,2026-05,374259.5,376456.68,-2197.18
BUD-00450,COMP-03,Operations,2026-06,454661.32,223529.44,231131.88
BUD-00451,COMP-03,Finance,2025-01,262254.17,156048.58,106205.59
BUD-00452,COMP-03,Finance,2025-02,238778.79,130191.46,108587.33
BUD-00453,COMP-03,Finance,2025-03,291556.87,280835.84,10721.03
BUD-00454,COMP-03,Finance,2025-04,292184.94,208603.49,83581.45
BUD-00455,COMP-03,Finance,2025-05,263156.49,103941.68,159214.81
BUD-00456,COMP-03,Finance,2025-06,258505.74,200225.69,58280.05
BUD-00457,COMP-03,Finance,2025-07,294880.56,117056.69,177823.87
BUD-00458,COMP-03,Finance,2025-08,273266.56,104978.26,168288.3
BUD-00459,COMP-03,Finance,2025-09,293501.02,145995.52,147505.5
BUD-00460,COMP-03,Finance,2025-10,275654.11,224100.01,51554.1
BUD-00461,COMP-03,Finance,2025-11,244315.81,167874.52,76441.29
BUD-00462,COMP-03,Finance,2025-12,258268.02,124094.16,134173.86
BUD-00463,COMP-03,Finance,2026-01,256546.02,101658.9,154887.12
BUD-00464,COMP-03,Finance,2026-02,276534.45,292834.84,-16300.39
BUD-00465,COMP-03,Finance,2026-03,265893.32,170607.37,95285.95
BUD-00466,COMP-03,Finance,2026-04,264121.49,120238.94,143882.55
BUD-00467,COMP-03,Finance,2026-05,278543.59,238017.3,40526.29
BUD-00468,COMP-03,Finance,2026-06,237778.17,148814.72,88963.45
BUD-00469,COMP-03,IT,2025-01,128237.69,46275.1,81962.59
BUD-00470,COMP-03,IT,2025-02,133290.92,52957.18,80333.74
BUD-00471,COMP-03,IT,2025-03,132248.71,64817.11,67431.6
BUD-00472,COMP-03,IT,2025-04,123110.06,107031.78,16078.28
BUD-00473,COMP-03,IT,2025-05,135331.85,133798.7,1533.15
BUD-00474,COMP-03,IT,2025-06,111880.08,97606.46,14273.62
BUD-00475,COMP-03,IT,2025-07,120161.38,56746.78,63414.6
BUD-00476,COMP-03,IT,2025-08,121114.52,125303.59,-4189.07
BUD-00477,COMP-03,IT,2025-09,107915.03,92828.12,15086.91
BUD-00478,COMP-03,IT,2025-10,123510.07,122783.41,726.66
BUD-00479,COMP-03,IT,2025-11,121508.61,64623.84,56884.77
BUD-00480,COMP-03,IT,2025-12,132715.55,56944.82,75770.73
BUD-00481,COMP-03,IT,2026-01,127872.61,72169.05,55703.56
BUD-00482,COMP-03,IT,2026-02,108941.78,51478.41,57463.37
BUD-00483,COMP-03,IT,2026-03,132686.35,61653.4,71032.95
BUD-00484,COMP-03,IT,2026-04,134722.61,61651.2,73071.41
BUD-00485,COMP-03,IT,2026-05,135013.55,52430.47,82583.08
BUD-00486,COMP-03,IT,2026-06,126995.02,93969.03,33025.99
BUD-00487,COMP-03,Legal,2025-01,306488.35,158013.25,148475.1
BUD-00488,COMP-03,Legal,2025-02,311107.42,238285.91,72821.51
BUD-00489,COMP-03,Legal,2025-03,298616.46,159131.65,139484.81
BUD-00490,COMP-03,Legal,2025-04,311367.81,272749.02,38618.79
BUD-00491,COMP-03,Legal,2025-05,275743.43,140264.54,135478.89
BUD-00492,COMP-03,Legal,2025-06,303341.63,230218.4,73123.23
BUD-00493,COMP-03,Legal,2025-07,310840.4,309361.42,1478.98
BUD-00494,COMP-03,Legal,2025-08,294538.93,258317.94,36220.99
BUD-00495,COMP-03,Legal,2025-09,255197.02,243949.88,11247.14
BUD-00496,COMP-03,Legal,2025-10,292236.59,123119.34,169117.25
BUD-00497,COMP-03,Legal,2025-11,248515.77,105392.21,143123.56
BUD-00498,COMP-03,Legal,2025-12,258652.61,234829.24,23823.37
BUD-00499,COMP-03,Legal,2026-01,295803.04,253570.9,42232.14
BUD-00500,COMP-03,Legal,2026-02,268796.31,278152.95,-9356.64
BUD-00501,COMP-03,Legal,2026-03,254091.96,131153.53,122938.43
BUD-00502,COMP-03,Legal,2026-04,273694.24,147867.94,125826.3
BUD-00503,COMP-03,Legal,2026-05,293673.56,281706.81,11966.75
BUD-00504,COMP-03,Legal,2026-06,294187.34,172431.44,121755.9
BUD-00505,COMP-03,R&D,2025-01,260006.76,195188.55,64818.21
BUD-00506,COMP-03,R&D,2025-02,274351.99,126592.93,147759.06
BUD-00507,COMP-03,R&D,2025-03,295210.84,278420.54,16790.3
BUD-00508,COMP-03,R&D,2025-04,290731.44,121185.75,169545.69
BUD-00509,COMP-03,R&D,2025-05,254614.24,228389.57,26224.67
BUD-00510,COMP-03,R&D,2025-06,292716.96,234408.47,58308.49
BUD-00511,COMP-03,R&D,2025-07,301049.94,199032.28,102017.66
BUD-00512,COMP-03,R&D,2025-08,254147.74,176947.47,77200.27
BUD-00513,COMP-03,R&D,2025-09,259109.07,162722.96,96386.11
BUD-00514,COMP-03,R&D,2025-10,291039.18,170577.53,120461.65
BUD-00515,COMP-03,R&D,2025-11,286424.11,224261.91,62162.2
BUD-00516,COMP-03,R&D,2025-12,240525.49,173817.05,66708.44
BUD-00517,COMP-03,R&D,2026-01,296670.9,244081.63,52589.27
BUD-00518,COMP-03,R&D,2026-02,295619.31,241382.88,54236.43
BUD-00519,COMP-03,R&D,2026-03,305147.15,115437.94,189709.21
BUD-00520,COMP-03,R&D,2026-04,267327.58,132129.22,135198.36
BUD-00521,COMP-03,R&D,2026-05,289327.24,163384.15,125943.09
BUD-00522,COMP-03,R&D,2026-06,283238.37,234652.66,48585.71
BUD-00523,COMP-03,Customer Success,2025-01,90067.09,53162.03,36905.06
BUD-00524,COMP-03,Customer Success,2025-02,82342.86,67624.17,14718.69
BUD-00525,COMP-03,Customer Success,2025-03,90445.56,45765.7,44679.86
BUD-00526,COMP-03,Customer Success,2025-04,92134.32,37297.44,54836.88
BUD-00527,COMP-03,Customer Success,2025-05,78117.6,77954.29,163.31
BUD-00528,COMP-03,Customer Success,2025-06,96779.54,100769.79,-3990.25
BUD-00529,COMP-03,Customer Success,2025-07,98198.44,87483.27,10715.17
BUD-00530,COMP-03,Customer Success,2025-08,89096.12,65626.54,23469.58
BUD-00531,COMP-03,Customer Success,2025-09,88374.56,91797.6,-3423.04
BUD-00532,COMP-03,Customer Success,2025-10,97599.41,65215.54,32383.87
BUD-00533,COMP-03,Customer Success,2025-11,81248.43,60332.32,20916.11
BUD-00534,COMP-03,Customer Success,2025-12,85983.2,80877.62,5105.58
BUD-00535,COMP-03,Customer Success,2026-01,96646.26,77560.08,19086.18
BUD-00536,COMP-03,Customer Success,2026-02,78690.33,58238.35,20451.98
BUD-00537,COMP-03,Customer Success,2026-03,79688.24,59117.22,20571.02
BUD-00538,COMP-03,Customer Success,2026-04,94435.39,79452.96,14982.43
BUD-00539,COMP-03,Customer Success,2026-05,86933.85,40453.89,46479.96
BUD-00540,COMP-03,Customer Success,2026-06,96839.35,95495.92,1343.43
BUD-00541,COMP-04,Engineering,2025-01,215727.42,182047.34,33680.08
BUD-00542,COMP-04,Engineering,2025-02,236325.08,151265.25,85059.83
BUD-00543,COMP-04,Engineering,2025-03,234986.72,129414.25,105572.47
BUD-00544,COMP-04,Engineering,2025-04,220936.58,182218.64,38717.94
BUD-00545,COMP-04,Engineering,2025-05,243255.39,161662.63,81592.76
BUD-00546,COMP-04,Engineering,2025-06,256964.76,184234.91,72729.85
BUD-00547,COMP-04,Engineering,2025-07,222198.88,121231.3,100967.58
BUD-00548,COMP-04,Engineering,2025-08,245635.17,205453.64,40181.53
BUD-00549,COMP-04,Engineering,2025-09,250062.11,223695.19,26366.92
BUD-00550,COMP-04,Engineering,2025-10,233759.56,212668.1,21091.46
BUD-00551,COMP-04,Engineering,2025-11,247074.02,132352.31,114721.71
BUD-00552,COMP-04,Engineering,2025-12,220043.63,177555.85,42487.78
BUD-00553,COMP-04,Engineering,2026-01,262680.38,274256.43,-11576.05
BUD-00554,COMP-04,Engineering,2026-02,260873.07,248013.15,12859.92
BUD-00555,COMP-04,Engineering,2026-03,247484.47,130966.89,116517.58
BUD-00556,COMP-04,Engineering,2026-04,230144.22,225301.26,4842.96
BUD-00557,COMP-04,Engineering,2026-05,228777.89,160928.41,67849.48
BUD-00558,COMP-04,Engineering,2026-06,245075.85,88964.92,156110.93
BUD-00559,COMP-04,Marketing,2025-01,109831.43,102266.92,7564.51
BUD-00560,COMP-04,Marketing,2025-02,126748.81,52451.23,74297.58
BUD-00561,COMP-04,Marketing,2025-03,108744.12,116378.49,-7634.37
BUD-00562,COMP-04,Marketing,2025-04,108843.95,101652.95,7191.0
BUD-00563,COMP-04,Marketing,2025-05,121000.62,119373.89,1626.73
BUD-00564,COMP-04,Marketing,2025-06,125350.6,52777.02,72573.58
BUD-00565,COMP-04,Marketing,2025-07,126288.64,110147.32,16141.32
BUD-00566,COMP-04,Marketing,2025-08,105258.47,109239.68,-3981.21
BUD-00567,COMP-04,Marketing,2025-09,112501.52,77514.95,34986.57
BUD-00568,COMP-04,Marketing,2025-10,119216.68,90054.13,29162.55
BUD-00569,COMP-04,Marketing,2025-11,120528.79,47963.61,72565.18
BUD-00570,COMP-04,Marketing,2025-12,128720.69,94223.7,34496.99
BUD-00571,COMP-04,Marketing,2026-01,106898.09,76635.57,30262.52
BUD-00572,COMP-04,Marketing,2026-02,109523.61,72851.33,36672.28
BUD-00573,COMP-04,Marketing,2026-03,124839.47,112381.21,12458.26
BUD-00574,COMP-04,Marketing,2026-04,108722.6,60882.89,47839.71
BUD-00575,COMP-04,Marketing,2026-05,132042.5,106788.24,25254.26
BUD-00576,COMP-04,Marketing,2026-06,109417.77,86996.7,22421.07
BUD-00577,COMP-04,Sales,2025-01,146387.13,121576.17,24810.96
BUD-00578,COMP-04,Sales,2025-02,147896.73,66916.01,80980.72
BUD-00579,COMP-04,Sales,2025-03,170451.1,179923.24,-9472.14
BUD-00580,COMP-04,Sales,2025-04,146172.11,131093.5,15078.61
BUD-00581,COMP-04,Sales,2025-05,149118.88,58570.53,90548.35
BUD-00582,COMP-04,Sales,2025-06,144095.61,52554.32,91541.29
BUD-00583,COMP-04,Sales,2025-07,172550.38,174679.09,-2128.71
BUD-00584,COMP-04,Sales,2025-08,143948.39,66173.27,77775.12
BUD-00585,COMP-04,Sales,2025-09,145314.68,94043.84,51270.84
BUD-00586,COMP-04,Sales,2025-10,156265.49,76601.36,79664.13
BUD-00587,COMP-04,Sales,2025-11,175920.91,74995.57,100925.34
BUD-00588,COMP-04,Sales,2025-12,168624.75,76691.18,91933.57
BUD-00589,COMP-04,Sales,2026-01,169484.31,75321.63,94162.68
BUD-00590,COMP-04,Sales,2026-02,151279.24,162169.1,-10889.86
BUD-00591,COMP-04,Sales,2026-03,154049.98,104639.63,49410.35
BUD-00592,COMP-04,Sales,2026-04,169758.41,183212.5,-13454.09
BUD-00593,COMP-04,Sales,2026-05,165311.89,71896.18,93415.71
BUD-00594,COMP-04,Sales,2026-06,170073.73,144390.53,25683.2
BUD-00595,COMP-04,HR,2025-01,265966.18,252293.7,13672.48
BUD-00596,COMP-04,HR,2025-02,244493.4,183090.08,61403.32
BUD-00597,COMP-04,HR,2025-03,276572.64,282141.47,-5568.83
BUD-00598,COMP-04,HR,2025-04,292291.19,153393.67,138897.52
BUD-00599,COMP-04,HR,2025-05,265838.22,208708.04,57130.18
BUD-00600,COMP-04,HR,2025-06,265644.68,105147.45,160497.23
BUD-00601,COMP-04,HR,2025-07,306528.28,208960.8,97567.48
BUD-00602,COMP-04,HR,2025-08,249626.01,115189.92,134436.09
BUD-00603,COMP-04,HR,2025-09,241283.82,244893.37,-3609.55
BUD-00604,COMP-04,HR,2025-10,249606.13,190038.35,59567.78
BUD-00605,COMP-04,HR,2025-11,303334.63,276229.66,27104.97
BUD-00606,COMP-04,HR,2025-12,279738.46,156030.71,123707.75
BUD-00607,COMP-04,HR,2026-01,285245.99,267841.8,17404.19
BUD-00608,COMP-04,HR,2026-02,254081.1,131314.5,122766.6
BUD-00609,COMP-04,HR,2026-03,267729.47,210636.77,57092.7
BUD-00610,COMP-04,HR,2026-04,299656.34,234180.83,65475.51
BUD-00611,COMP-04,HR,2026-05,258095.59,227008.0,31087.59
BUD-00612,COMP-04,HR,2026-06,250306.66,107209.16,143097.5
BUD-00613,COMP-04,Operations,2025-01,86682.87,66935.51,19747.36
BUD-00614,COMP-04,Operations,2025-02,84363.07,63630.66,20732.41
BUD-00615,COMP-04,Operations,2025-03,78619.75,39589.27,39030.48
BUD-00616,COMP-04,Operations,2025-04,86860.86,55988.0,30872.86
BUD-00617,COMP-04,Operations,2025-05,85080.89,86582.26,-1501.37
BUD-00618,COMP-04,Operations,2025-06,84419.48,75394.36,9025.12
BUD-00619,COMP-04,Operations,2025-07,75979.29,53803.57,22175.72
BUD-00620,COMP-04,Operations,2025-08,75837.68,37530.6,38307.08
BUD-00621,COMP-04,Operations,2025-09,78633.32,49570.59,29062.73
BUD-00622,COMP-04,Operations,2025-10,78020.08,80516.45,-2496.37
BUD-00623,COMP-04,Operations,2025-11,80957.12,46319.97,34637.15
BUD-00624,COMP-04,Operations,2025-12,76194.78,47198.51,28996.27
BUD-00625,COMP-04,Operations,2026-01,90994.51,68131.01,22863.5
BUD-00626,COMP-04,Operations,2026-02,93268.18,74668.16,18600.02
BUD-00627,COMP-04,Operations,2026-03,88085.55,58289.74,29795.81
BUD-00628,COMP-04,Operations,2026-04,92057.14,62446.71,29610.43
BUD-00629,COMP-04,Operations,2026-05,77612.47,39872.33,37740.14
BUD-00630,COMP-04,Operations,2026-06,91266.71,35796.06,55470.65
BUD-00631,COMP-04,Finance,2025-01,145549.87,123446.78,22103.09
BUD-00632,COMP-04,Finance,2025-02,139995.7,115670.53,24325.17
BUD-00633,COMP-04,Finance,2025-03,138417.97,108038.21,30379.76
BUD-00634,COMP-04,Finance,2025-04,125293.91,81545.55,43748.36
BUD-00635,COMP-04,Finance,2025-05,157495.29,121253.55,36241.74
BUD-00636,COMP-04,Finance,2025-06,135695.85,109229.53,26466.32
BUD-00637,COMP-04,Finance,2025-07,157576.18,108712.21,48863.97
BUD-00638,COMP-04,Finance,2025-08,138291.45,131341.18,6950.27
BUD-00639,COMP-04,Finance,2025-09,153254.3,78937.0,74317.3
BUD-00640,COMP-04,Finance,2025-10,146975.9,83498.22,63477.68
BUD-00641,COMP-04,Finance,2025-11,136130.33,127441.56,8688.77
BUD-00642,COMP-04,Finance,2025-12,136449.06,138840.12,-2391.06
BUD-00643,COMP-04,Finance,2026-01,140704.46,138327.3,2377.16
BUD-00644,COMP-04,Finance,2026-02,128404.23,82848.75,45555.48
BUD-00645,COMP-04,Finance,2026-03,125124.07,122172.57,2951.5
BUD-00646,COMP-04,Finance,2026-04,154593.23,108944.86,45648.37
BUD-00647,COMP-04,Finance,2026-05,139964.96,148140.9,-8175.94
BUD-00648,COMP-04,Finance,2026-06,137272.38,78711.33,58561.05
BUD-00649,COMP-04,IT,2025-01,140079.41,131073.57,9005.84
BUD-00650,COMP-04,IT,2025-02,127930.98,112901.11,15029.87
BUD-00651,COMP-04,IT,2025-03,137503.04,115260.76,22242.28
BUD-00652,COMP-04,IT,2025-04,114951.8,94657.74,20294.06
BUD-00653,COMP-04,IT,2025-05,138615.57,96624.62,41990.95
BUD-00654,COMP-04,IT,2025-06,124835.2,102415.4,22419.8
BUD-00655,COMP-04,IT,2025-07,117505.76,60446.77,57058.99
BUD-00656,COMP-04,IT,2025-08,132677.96,142646.09,-9968.13
BUD-00657,COMP-04,IT,2025-09,115117.99,96167.19,18950.8
BUD-00658,COMP-04,IT,2025-10,127198.21,48011.51,79186.7
BUD-00659,COMP-04,IT,2025-11,116595.67,66775.02,49820.65
BUD-00660,COMP-04,IT,2025-12,133054.3,59461.3,73593.0
BUD-00661,COMP-04,IT,2026-01,123169.07,98894.72,24274.35
BUD-00662,COMP-04,IT,2026-02,134988.74,145369.03,-10380.29
BUD-00663,COMP-04,IT,2026-03,137566.88,67353.1,70213.78
BUD-00664,COMP-04,IT,2026-04,128928.59,102165.67,26762.92
BUD-00665,COMP-04,IT,2026-05,128719.61,101170.83,27548.78
BUD-00666,COMP-04,IT,2026-06,123462.07,64664.6,58797.47
BUD-00667,COMP-04,Legal,2025-01,328235.72,278363.84,49871.88
BUD-00668,COMP-04,Legal,2025-02,312432.86,327800.53,-15367.67
BUD-00669,COMP-04,Legal,2025-03,282770.25,217645.75,65124.5
BUD-00670,COMP-04,Legal,2025-04,324845.03,268460.42,56384.61
BUD-00671,COMP-04,Legal,2025-05,264242.05,191033.19,73208.86
BUD-00672,COMP-04,Legal,2025-06,324082.62,161334.75,162747.87
BUD-00673,COMP-04,Legal,2025-07,293046.97,312742.48,-19695.51
BUD-00674,COMP-04,Legal,2025-08,297479.87,222120.1,75359.77
BUD-00675,COMP-04,Legal,2025-09,307990.76,298872.51,9118.25
BUD-00676,COMP-04,Legal,2025-10,297587.32,299348.14,-1760.82
BUD-00677,COMP-04,Legal,2025-11,315886.65,203107.01,112779.64
BUD-00678,COMP-04,Legal,2025-12,309281.34,176066.52,133214.82
BUD-00679,COMP-04,Legal,2026-01,267953.95,188702.45,79251.5
BUD-00680,COMP-04,Legal,2026-02,267514.54,152022.33,115492.21
BUD-00681,COMP-04,Legal,2026-03,326024.79,345091.92,-19067.13
BUD-00682,COMP-04,Legal,2026-04,278677.73,131288.33,147389.4
BUD-00683,COMP-04,Legal,2026-05,290072.09,196924.28,93147.81
BUD-00684,COMP-04,Legal,2026-06,274553.7,257782.36,16771.34
BUD-00685,COMP-04,R&D,2025-01,134870.95,73996.4,60874.55
BUD-00686,COMP-04,R&D,2025-02,138366.25,60165.57,78200.68
BUD-00687,COMP-04,R&D,2025-03,133393.98,129250.32,4143.66
BUD-00688,COMP-04,R&D,2025-04,117843.68,57875.37,59968.31
BUD-00689,COMP-04,R&D,2025-05,119649.92,114901.4,4748.52
BUD-00690,COMP-04,R&D,2025-06,139150.62,73301.79,65848.83
BUD-00691,COMP-04,R&D,2025-07,146621.42,69830.08,76791.34
BUD-00692,COMP-04,R&D,2025-08,133215.89,117609.19,15606.7
BUD-00693,COMP-04,R&D,2025-09,136880.19,54484.22,82395.97
BUD-00694,COMP-04,R&D,2025-10,118835.23,57568.04,61267.19
BUD-00695,COMP-04,R&D,2025-11,148109.49,149030.79,-921.3
BUD-00696,COMP-04,R&D,2025-12,127086.95,48925.68,78161.27
BUD-00697,COMP-04,R&D,2026-01,137980.43,68264.68,69715.75
BUD-00698,COMP-04,R&D,2026-02,146360.9,149375.55,-3014.65
BUD-00699,COMP-04,R&D,2026-03,142777.26,130947.72,11829.54
BUD-00700,COMP-04,R&D,2026-04,142664.13,136568.33,6095.8
BUD-00701,COMP-04,R&D,2026-05,129669.66,113727.14,15942.52
BUD-00702,COMP-04,R&D,2026-06,117711.76,100880.56,16831.2
BUD-00703,COMP-04,Customer Success,2025-01,254833.28,235310.58,19522.7
BUD-00704,COMP-04,Customer Success,2025-02,225292.12,195116.86,30175.26
BUD-00705,COMP-04,Customer Success,2025-03,232655.86,186199.43,46456.43
BUD-00706,COMP-04,Customer Success,2025-04,200566.78,103115.11,97451.67
BUD-00707,COMP-04,Customer Success,2025-05,214432.51,185150.23,29282.28
BUD-00708,COMP-04,Customer Success,2025-06,251049.65,203037.64,48012.01
BUD-00709,COMP-04,Customer Success,2025-07,242266.45,197289.43,44977.02
BUD-00710,COMP-04,Customer Success,2025-08,208229.91,111681.7,96548.21
BUD-00711,COMP-04,Customer Success,2025-09,232451.11,209293.84,23157.27
BUD-00712,COMP-04,Customer Success,2025-10,223424.02,191537.83,31886.19
BUD-00713,COMP-04,Customer Success,2025-11,218697.03,126809.27,91887.76
BUD-00714,COMP-04,Customer Success,2025-12,209508.36,136628.08,72880.28
BUD-00715,COMP-04,Customer Success,2026-01,232348.0,99949.4,132398.6
BUD-00716,COMP-04,Customer Success,2026-02,251820.38,89675.18,162145.2
BUD-00717,COMP-04,Customer Success,2026-03,240772.62,145227.53,95545.09
BUD-00718,COMP-04,Customer Success,2026-04,252254.07,141062.98,111191.09
BUD-00719,COMP-04,Customer Success,2026-05,201543.15,172135.41,29407.74
BUD-00720,COMP-04,Customer Success,2026-06,221148.51,209478.51,11670.0
BUD-00721,COMP-05,Engineering,2025-01,296359.84,246690.36,49669.48
BUD-00722,COMP-05,Engineering,2025-02,313967.36,185211.78,128755.58
BUD-00723,COMP-05,Engineering,2025-03,278298.07,230168.44,48129.63
BUD-00724,COMP-05,Engineering,2025-04,305739.43,117631.62,188107.81
BUD-00725,COMP-05,Engineering,2025-05,275878.6,183300.85,92577.75
BUD-00726,COMP-05,Engineering,2025-06,270601.97,198336.48,72265.49
BUD-00727,COMP-05,Engineering,2025-07,292995.85,165764.83,127231.02
BUD-00728,COMP-05,Engineering,2025-08,319057.17,283535.26,35521.91
BUD-00729,COMP-05,Engineering,2025-09,268921.29,211299.45,57621.84
BUD-00730,COMP-05,Engineering,2025-10,336801.44,266979.71,69821.73
BUD-00731,COMP-05,Engineering,2025-11,336233.73,174767.01,161466.72
BUD-00732,COMP-05,Engineering,2025-12,280208.51,164982.84,115225.67
BUD-00733,COMP-05,Engineering,2026-01,281204.17,131194.17,150010.0
BUD-00734,COMP-05,Engineering,2026-02,282687.67,202331.82,80355.85
BUD-00735,COMP-05,Engineering,2026-03,323524.9,295690.9,27834.0
BUD-00736,COMP-05,Engineering,2026-04,266923.61,242798.65,24124.96
BUD-00737,COMP-05,Engineering,2026-05,310801.77,169139.94,141661.83
BUD-00738,COMP-05,Engineering,2026-06,264510.44,258589.28,5921.16
BUD-00739,COMP-05,Marketing,2025-01,118586.35,67832.9,50753.45
BUD-00740,COMP-05,Marketing,2025-02,135282.05,140703.19,-5421.14
BUD-00741,COMP-05,Marketing,2025-03,138947.07,134792.46,4154.61
BUD-00742,COMP-05,Marketing,2025-04,136786.36,95026.27,41760.09
BUD-00743,COMP-05,Marketing,2025-05,112499.27,58667.41,53831.86
BUD-00744,COMP-05,Marketing,2025-06,115098.46,50019.3,65079.16
BUD-00745,COMP-05,Marketing,2025-07,114916.82,66988.4,47928.42
BUD-00746,COMP-05,Marketing,2025-08,112320.36,63522.29,48798.07
BUD-00747,COMP-05,Marketing,2025-09,137097.52,72178.59,64918.93
BUD-00748,COMP-05,Marketing,2025-10,126430.34,122783.11,3647.23
BUD-00749,COMP-05,Marketing,2025-11,111252.73,97993.18,13259.55
BUD-00750,COMP-05,Marketing,2025-12,127482.86,47432.19,80050.67
BUD-00751,COMP-05,Marketing,2026-01,138178.92,128590.11,9588.81
BUD-00752,COMP-05,Marketing,2026-02,113894.51,119789.25,-5894.74
BUD-00753,COMP-05,Marketing,2026-03,128530.72,104572.35,23958.37
BUD-00754,COMP-05,Marketing,2026-04,117309.11,43678.96,73630.15
BUD-00755,COMP-05,Marketing,2026-05,132472.42,115343.73,17128.69
BUD-00756,COMP-05,Marketing,2026-06,116352.36,43615.39,72736.97
BUD-00757,COMP-05,Sales,2025-01,257787.29,155077.11,102710.18
BUD-00758,COMP-05,Sales,2025-02,294735.31,224834.82,69900.49
BUD-00759,COMP-05,Sales,2025-03,245254.21,210984.36,34269.85
BUD-00760,COMP-05,Sales,2025-04,285003.88,217912.01,67091.87
BUD-00761,COMP-05,Sales,2025-05,300376.74,209461.47,90915.27
BUD-00762,COMP-05,Sales,2025-06,280344.42,109548.11,170796.31
BUD-00763,COMP-05,Sales,2025-07,257331.99,146433.39,110898.6
BUD-00764,COMP-05,Sales,2025-08,265821.36,192236.03,73585.33
BUD-00765,COMP-05,Sales,2025-09,245040.35,209374.66,35665.69
BUD-00766,COMP-05,Sales,2025-10,241069.48,128768.0,112301.48
BUD-00767,COMP-05,Sales,2025-11,276077.06,101501.04,174576.02
BUD-00768,COMP-05,Sales,2025-12,259163.68,243825.63,15338.05
BUD-00769,COMP-05,Sales,2026-01,285731.05,178344.82,107386.23
BUD-00770,COMP-05,Sales,2026-02,248491.34,223061.31,25430.03
BUD-00771,COMP-05,Sales,2026-03,294811.02,120680.35,174130.67
BUD-00772,COMP-05,Sales,2026-04,265072.88,198746.74,66326.14
BUD-00773,COMP-05,Sales,2026-05,283203.79,141035.54,142168.25
BUD-00774,COMP-05,Sales,2026-06,291711.75,231785.59,59926.16
BUD-00775,COMP-05,HR,2025-01,381590.62,323939.49,57651.13
BUD-00776,COMP-05,HR,2025-02,358298.73,203223.26,155075.47
BUD-00777,COMP-05,HR,2025-03,324960.25,202385.39,122574.86
BUD-00778,COMP-05,HR,2025-04,370046.75,290500.87,79545.88
BUD-00779,COMP-05,HR,2025-05,325401.85,328283.66,-2881.81
BUD-00780,COMP-05,HR,2025-06,345405.79,367706.55,-22300.76
BUD-00781,COMP-05,HR,2025-07,356838.14,316340.8,40497.34
BUD-00782,COMP-05,HR,2025-08,330971.15,355438.81,-24467.66
BUD-00783,COMP-05,HR,2025-09,342281.83,288123.94,54157.89
BUD-00784,COMP-05,HR,2025-10,335898.74,245798.03,90100.71
BUD-00785,COMP-05,HR,2025-11,316857.68,196106.3,120751.38
BUD-00786,COMP-05,HR,2025-12,336724.16,300454.72,36269.44
BUD-00787,COMP-05,HR,2026-01,315336.1,155891.3,159444.8
BUD-00788,COMP-05,HR,2026-02,356050.84,247676.14,108374.7
BUD-00789,COMP-05,HR,2026-03,376045.83,136968.05,239077.78
BUD-00790,COMP-05,HR,2026-04,339175.22,324559.94,14615.28
BUD-00791,COMP-05,HR,2026-05,365391.99,222007.99,143384.0
BUD-00792,COMP-05,HR,2026-06,345352.63,220960.24,124392.39
BUD-00793,COMP-05,Operations,2025-01,75098.45,38801.48,36296.97
BUD-00794,COMP-05,Operations,2025-02,91235.91,44717.77,46518.14
BUD-00795,COMP-05,Operations,2025-03,79265.55,60024.25,19241.3
BUD-00796,COMP-05,Operations,2025-04,87664.01,72170.78,15493.23
BUD-00797,COMP-05,Operations,2025-05,79749.53,47781.01,31968.52
BUD-00798,COMP-05,Operations,2025-06,73705.99,68539.44,5166.55
BUD-00799,COMP-05,Operations,2025-07,81136.5,45676.0,35460.5
BUD-00800,COMP-05,Operations,2025-08,77669.45,55163.81,22505.64
BUD-00801,COMP-05,Operations,2025-09,76499.01,44964.12,31534.89
BUD-00802,COMP-05,Operations,2025-10,75588.74,36962.4,38626.34
BUD-00803,COMP-05,Operations,2025-11,84202.15,49631.26,34570.89
BUD-00804,COMP-05,Operations,2025-12,75630.9,74601.88,1029.02
BUD-00805,COMP-05,Operations,2026-01,74655.74,48628.49,26027.25
BUD-00806,COMP-05,Operations,2026-02,79419.97,31149.88,48270.09
BUD-00807,COMP-05,Operations,2026-03,79476.77,53408.07,26068.7
BUD-00808,COMP-05,Operations,2026-04,87501.29,47180.32,40320.97
BUD-00809,COMP-05,Operations,2026-05,81181.93,81779.33,-597.4
BUD-00810,COMP-05,Operations,2026-06,86391.23,58327.62,28063.61
BUD-00811,COMP-05,Finance,2025-01,162154.51,166906.61,-4752.1
BUD-00812,COMP-05,Finance,2025-02,141971.66,137862.91,4108.75
BUD-00813,COMP-05,Finance,2025-03,146931.82,102780.92,44150.9
BUD-00814,COMP-05,Finance,2025-04,134056.04,70669.12,63386.92
BUD-00815,COMP-05,Finance,2025-05,142004.03,70714.95,71289.08
BUD-00816,COMP-05,Finance,2025-06,163645.07,170880.46,-7235.39
BUD-00817,COMP-05,Finance,2025-07,144892.32,135556.72,9335.6
BUD-00818,COMP-05,Finance,2025-08,144246.51,111666.89,32579.62
BUD-00819,COMP-05,Finance,2025-09,140297.12,142220.46,-1923.34
BUD-00820,COMP-05,Finance,2025-10,152162.17,118833.25,33328.92
BUD-00821,COMP-05,Finance,2025-11,162469.42,118976.03,43493.39
BUD-00822,COMP-05,Finance,2025-12,151220.1,131488.14,19731.96
BUD-00823,COMP-05,Finance,2026-01,150642.09,116115.08,34527.01
BUD-00824,COMP-05,Finance,2026-02,144160.17,66510.65,77649.52
BUD-00825,COMP-05,Finance,2026-03,141361.89,149698.73,-8336.84
BUD-00826,COMP-05,Finance,2026-04,154938.88,56296.04,98642.84
BUD-00827,COMP-05,Finance,2026-05,140037.25,108636.1,31401.15
BUD-00828,COMP-05,Finance,2026-06,152008.7,162954.44,-10945.74
BUD-00829,COMP-05,IT,2025-01,338721.09,317867.93,20853.16
BUD-00830,COMP-05,IT,2025-02,422849.01,378268.74,44580.27
BUD-00831,COMP-05,IT,2025-03,420096.97,263850.54,156246.43
BUD-00832,COMP-05,IT,2025-04,390192.82,331665.55,58527.27
BUD-00833,COMP-05,IT,2025-05,405648.68,354132.37,51516.31
BUD-00834,COMP-05,IT,2025-06,407836.7,243184.31,164652.39
BUD-00835,COMP-05,IT,2025-07,405515.81,318629.34,86886.47
BUD-00836,COMP-05,IT,2025-08,420827.99,246811.78,174016.21
BUD-00837,COMP-05,IT,2025-09,389321.68,380924.16,8397.52
BUD-00838,COMP-05,IT,2025-10,402263.59,345568.5,56695.09
BUD-00839,COMP-05,IT,2025-11,345598.13,160191.99,185406.14
BUD-00840,COMP-05,IT,2025-12,361487.73,298556.81,62930.92
BUD-00841,COMP-05,IT,2026-01,335163.01,278688.72,56474.29
BUD-00842,COMP-05,IT,2026-02,343218.5,168594.53,174623.97
BUD-00843,COMP-05,IT,2026-03,357758.07,268466.87,89291.2
BUD-00844,COMP-05,IT,2026-04,398403.15,414793.6,-16390.45
BUD-00845,COMP-05,IT,2026-05,353231.39,145700.08,207531.31
BUD-00846,COMP-05,IT,2026-06,411277.16,321039.18,90237.98
BUD-00847,COMP-05,Legal,2025-01,403599.14,179596.52,224002.62
BUD-00848,COMP-05,Legal,2025-02,370551.97,188998.01,181553.96
BUD-00849,COMP-05,Legal,2025-03,378782.26,211521.86,167260.4
BUD-00850,COMP-05,Legal,2025-04,417256.3,418915.85,-1659.55
BUD-00851,COMP-05,Legal,2025-05,354383.97,382675.99,-28292.02
BUD-00852,COMP-05,Legal,2025-06,426684.61,269359.22,157325.39
BUD-00853,COMP-05,Legal,2025-07,418446.52,435418.73,-16972.21
BUD-00854,COMP-05,Legal,2025-08,405386.03,249313.32,156072.71
BUD-00855,COMP-05,Legal,2025-09,395551.96,359850.06,35701.9
BUD-00856,COMP-05,Legal,2025-10,368443.4,256795.98,111647.42
BUD-00857,COMP-05,Legal,2025-11,345016.64,160101.89,184914.75
BUD-00858,COMP-05,Legal,2025-12,411087.04,236497.33,174589.71
BUD-00859,COMP-05,Legal,2026-01,402375.47,266947.86,135427.61
BUD-00860,COMP-05,Legal,2026-02,403175.0,225125.15,178049.85
BUD-00861,COMP-05,Legal,2026-03,344807.7,288691.87,56115.83
BUD-00862,COMP-05,Legal,2026-04,360716.6,180104.24,180612.36
BUD-00863,COMP-05,Legal,2026-05,380019.18,270642.29,109376.89
BUD-00864,COMP-05,Legal,2026-06,419973.93,360669.14,59304.79
BUD-00865,COMP-05,R&D,2025-01,221613.31,174603.18,47010.13
BUD-00866,COMP-05,R&D,2025-02,204546.5,116117.31,88429.19
BUD-00867,COMP-05,R&D,2025-03,230550.01,238810.9,-8260.89
BUD-00868,COMP-05,R&D,2025-04,230396.8,115924.5,114472.3
BUD-00869,COMP-05,R&D,2025-05,250495.42,233254.88,17240.54
BUD-00870,COMP-05,R&D,2025-06,209651.1,129744.73,79906.37
BUD-00871,COMP-05,R&D,2025-07,199274.75,180598.67,18676.08
BUD-00872,COMP-05,R&D,2025-08,209396.58,199624.57,9772.01
BUD-00873,COMP-05,R&D,2025-09,236797.78,217069.08,19728.7
BUD-00874,COMP-05,R&D,2025-10,228396.6,120412.3,107984.3
BUD-00875,COMP-05,R&D,2025-11,199412.57,156321.6,43090.97
BUD-00876,COMP-05,R&D,2025-12,198155.55,144446.41,53709.14
BUD-00877,COMP-05,R&D,2026-01,239884.44,108535.53,131348.91
BUD-00878,COMP-05,R&D,2026-02,221395.41,164940.96,56454.45
BUD-00879,COMP-05,R&D,2026-03,205704.84,102271.62,103433.22
BUD-00880,COMP-05,R&D,2026-04,230915.43,110070.06,120845.37
BUD-00881,COMP-05,R&D,2026-05,205785.56,105203.33,100582.23
BUD-00882,COMP-05,R&D,2026-06,248816.77,250086.99,-1270.22
BUD-00883,COMP-05,Customer Success,2025-01,120637.34,78430.94,42206.4
BUD-00884,COMP-05,Customer Success,2025-02,104963.37,55994.55,48968.82
BUD-00885,COMP-05,Customer Success,2025-03,122874.46,44755.8,78118.66
BUD-00886,COMP-05,Customer Success,2025-04,131778.32,73593.02,58185.3
BUD-00887,COMP-05,Customer Success,2025-05,114125.7,119014.86,-4889.16
BUD-00888,COMP-05,Customer Success,2025-06,108102.88,48145.61,59957.27
BUD-00889,COMP-05,Customer Success,2025-07,117727.86,68124.68,49603.18
BUD-00890,COMP-05,Customer Success,2025-08,113292.19,87840.14,25452.05
BUD-00891,COMP-05,Customer Success,2025-09,131536.37,85880.22,45656.15
BUD-00892,COMP-05,Customer Success,2025-10,105340.04,65551.86,39788.18
BUD-00893,COMP-05,Customer Success,2025-11,128722.85,85704.64,43018.21
BUD-00894,COMP-05,Customer Success,2025-12,105832.0,56328.57,49503.43
BUD-00895,COMP-05,Customer Success,2026-01,110628.14,67038.26,43589.88
BUD-00896,COMP-05,Customer Success,2026-02,113270.86,95117.02,18153.84
BUD-00897,COMP-05,Customer Success,2026-03,124861.22,47773.99,77087.23
BUD-00898,COMP-05,Customer Success,2026-04,108280.34,102886.52,5393.82
BUD-00899,COMP-05,Customer Success,2026-05,129383.54,119751.17,9632.37
BUD-00900,COMP-05,Customer Success,2026-06,109195.82,93450.18,15745.64
