vendor_id,company_id,name,category,risk_profile,status,bank_name,bank_account_number,tax_id,onboarded_date,dataset_source
VEN-0001-D1,COMP-05-D1,Sable Networks,Utilities,Low,Active,ICICI Bank,XXXXXX6004,GSTIN18905543851507,2025-07-23,dataset1
VEN-0002-D1,COMP-04-D1,Glacier Solutions,Facilities,Low,Active,Yes Bank,XXXXXX0786,GSTIN38662056113912,2024-05-05,dataset1
VEN-0003-D1,COMP-02-D1,Nimbus Group,Marketing Services,Low,Active,Axis Bank,XXXXXX3512,GSTIN34178609269533,2024-09-08,dataset1
VEN-0004-D1,COMP-04-D1,Cascade Solutions,Travel,Medium,Active,HDFC Bank,XXXXXX1724,GSTIN37603094895587,2025-02-18,dataset1
VEN-0005-D1,COMP-05-D1,Keystone Industries,Logistics,Low,Active,HDFC Bank,XXXXXX3348,GSTIN53099043702731,2026-03-27,dataset1
VEN-0006-D1,COMP-05-D1,Glacier Partners,Logistics,Low,Active,ICICI Bank,XXXXXX4114,GSTIN80980527768069,2025-05-29,dataset1
VEN-0007-D1,COMP-01-D1,Marlin Materials,Software/SaaS,Medium,Active,Yes Bank,XXXXXX7819,GSTIN50516539068589,2023-12-10,dataset1
VEN-0008-D1,COMP-02-D1,Northgate Materials,Office Supplies,Medium,Active,Kotak Mahindra Bank,XXXXXX3011,GSTIN49152648726565,2025-06-27,dataset1
VEN-0009-D1,COMP-04-D1,Zenith Services,Consulting,Medium,Active,HDFC Bank,XXXXXX6372,GSTIN61926113798926,2025-08-01,dataset1
VEN-0010-D1,COMP-03-D1,Quartz Industries,Utilities,Medium,Active,Yes Bank,XXXXXX7722,GSTIN70832308822102,2025-12-02,dataset1
VEN-0011-D1,COMP-03-D1,Glacier Supplies,Software/SaaS,Low,Active,HDFC Bank,XXXXXX3810,GSTIN44281576417588,2024-10-12,dataset1
VEN-0012-D1,COMP-01-D1,Quantum Enterprises,Office Supplies,Medium,Active,HDFC Bank,XXXXXX1000,GSTIN43445707728494,2025-03-13,dataset1
VEN-0013-D1,COMP-01-D1,Northgate Technologies,Software/SaaS,Medium,Active,Kotak Mahindra Bank,XXXXXX8770,GSTIN71456018881025,2025-05-10,dataset1
VEN-0014-D1,COMP-04-D1,Juniper Solutions,Consulting,Low,Active,HDFC Bank,XXXXXX6992,GSTIN40541057939666,2024-12-06,dataset1
VEN-0015-D1,COMP-05-D1,Summit Services,Software/SaaS,Low,Active,ICICI Bank,XXXXXX6948,GSTIN10900644412279,2024-06-26,dataset1
VEN-0016-D1,COMP-02-D1,Vertex Group,Raw Materials,Medium,Active,HDFC Bank,XXXXXX0160,GSTIN19251560083623,2025-01-18,dataset1
VEN-0017-D1,COMP-03-D1,Ridgeline Labs,Logistics,Medium,Active,Yes Bank,XXXXXX8620,GSTIN51438724911909,2023-12-15,dataset1
VEN-0018-D1,COMP-04-D1,Zenith Systems,Manufacturing,Low,Active,Yes Bank,XXXXXX0504,GSTIN85699005253360,2024-06-01,dataset1
VEN-0019-D1,COMP-01-D1,Quartz Logistics,Raw Materials,Medium,Active,ICICI Bank,XXXXXX5955,GSTIN49930993401289,2024-11-13,dataset1
VEN-0020-D1,COMP-02-D1,Pioneer Networks,Travel,Low,Active,Yes Bank,XXXXXX6334,GSTIN80534293421370,2024-07-16,dataset1
VEN-0021-D1,COMP-02-D1,Northgate Group,Travel,Low,Active,Kotak Mahindra Bank,XXXXXX1482,GSTIN47641916185312,2024-08-10,dataset1
VEN-0022-D1,COMP-05-D1,Falcon Labs,Consulting,Medium,Active,Kotak Mahindra Bank,XXXXXX1113,GSTIN71208856277492,2024-09-06,dataset1
VEN-0023-D1,COMP-01-D1,Lumen Logistics,Office Supplies,Low,Active,SBI,XXXXXX0287,GSTIN69273328392358,2025-06-10,dataset1
VEN-0024-D1,COMP-05-D1,Anchor Materials,Logistics,Medium,Active,Axis Bank,XXXXXX4646,GSTIN56169414476574,2024-09-18,dataset1
VEN-0025-D1,COMP-01-D1,Lattice Services,Software/SaaS,Low,Active,ICICI Bank,XXXXXX5492,GSTIN35867232361517,2025-05-22,dataset1
VEN-0026-D1,COMP-01-D1,Frontier Supplies,Raw Materials,Low,Active,SBI,XXXXXX4999,GSTIN65164391808372,2024-10-21,dataset1
VEN-0027-D1,COMP-02-D1,Juniper Logistics,Consulting,High,Active,ICICI Bank,XXXXXX4251,GSTIN76064472885028,2024-01-23,dataset1
VEN-0028-D1,COMP-02-D1,Coral Labs,Manufacturing,Medium,Active,SBI,XXXXXX6398,GSTIN22000383708209,2025-02-11,dataset1
VEN-0029-D1,COMP-03-D1,Quartz Services,Consulting,Low,Active,Yes Bank,XXXXXX3197,GSTIN95779808015536,2025-01-30,dataset1
VEN-0030-D1,COMP-01-D1,Sable Labs,Facilities,Medium,Active,ICICI Bank,XXXXXX4041,GSTIN44701151212034,2025-07-23,dataset1
VEN-0031-D1,COMP-05-D1,Lattice Industries,Raw Materials,Medium,Active,SBI,XXXXXX3600,GSTIN56510196493642,2024-10-17,dataset1
VEN-0032-D1,COMP-04-D1,Ironclad Supplies,Travel,Medium,Active,SBI,XXXXXX4458,GSTIN59986087313001,2025-05-11,dataset1
VEN-0033-D1,COMP-03-D1,Lattice Group,Facilities,High,Under Review,Yes Bank,XXXXXX3545,GSTIN52277074562066,2025-12-09,dataset1
VEN-0034-D1,COMP-01-D1,Ironclad Technologies,Logistics,Medium,Active,HDFC Bank,XXXXXX2647,GSTIN69330837044723,2025-06-25,dataset1
VEN-0035-D1,COMP-01-D1,Ironclad Services,Utilities,Medium,Active,Yes Bank,XXXXXX5018,GSTIN66950916862133,2024-04-16,dataset1
VEN-0036-D1,COMP-01-D1,Ivory Solutions,Marketing Services,Low,Active,Kotak Mahindra Bank,XXXXXX9081,GSTIN48762156198344,2024-10-09,dataset1
VEN-0037-D1,COMP-02-D1,Ivory Networks,Software/SaaS,Low,Active,Axis Bank,XXXXXX0680,GSTIN53977506147439,2024-05-21,dataset1
VEN-0038-D1,COMP-04-D1,Sable Industries,Raw Materials,Low,Active,SBI,XXXXXX7427,GSTIN51147220723168,2024-09-14,dataset1
VEN-0039-D1,COMP-05-D1,Lumen Technologies,Raw Materials,Low,Active,Axis Bank,XXXXXX6321,GSTIN15951893052128,2023-11-18,dataset1
VEN-0040-D1,COMP-02-D1,Granite Traders,Raw Materials,Low,Active,Kotak Mahindra Bank,XXXXXX4227,GSTIN64180117646928,2025-12-01,dataset1
VEN-0041-D1,COMP-01-D1,Juniper Supplies,Facilities,Medium,Active,Kotak Mahindra Bank,XXXXXX7354,GSTIN44661026067594,2024-11-07,dataset1
VEN-0042-D1,COMP-04-D1,BluePeak Services,Utilities,Medium,Active,HDFC Bank,XXXXXX4527,GSTIN23668415377150,2025-02-27,dataset1
VEN-0043-D1,COMP-05-D1,Ivory Labs,Raw Materials,High,Active,ICICI Bank,XXXXXX8869,GSTIN46194075766321,2024-07-14,dataset1
VEN-0044-D1,COMP-02-D1,Zenith Consulting,Office Supplies,High,Active,ICICI Bank,XXXXXX0925,GSTIN17848981544384,2025-11-14,dataset1
VEN-0045-D1,COMP-03-D1,Ironclad Industries,Software/SaaS,High,Active,Yes Bank,XXXXXX6071,GSTIN32089171476218,2025-01-05,dataset1
VEN-0046-D1,COMP-05-D1,Anchor Solutions,Utilities,Medium,Active,HDFC Bank,XXXXXX3371,GSTIN87878285663436,2024-04-21,dataset1
VEN-0047-D1,COMP-04-D1,Quantum Partners,Marketing Services,Low,Active,Axis Bank,XXXXXX8624,GSTIN26773076652904,2024-09-11,dataset1
VEN-0048-D1,COMP-02-D1,Harbor Labs,Utilities,Low,Active,HDFC Bank,XXXXXX5547,GSTIN84113713622197,2025-05-26,dataset1
VEN-0049-D1,COMP-03-D1,Granite Industries,Marketing Services,Low,Active,ICICI Bank,XXXXXX4226,GSTIN98445006354986,2025-11-04,dataset1
VEN-0050-D1,COMP-03-D1,Redwood Consulting,Logistics,Low,Active,HDFC Bank,XXXXXX1625,GSTIN61668395210364,2025-11-21,dataset1
VEN-0051-D1,COMP-03-D1,BluePeak Industries,Raw Materials,Low,Active,SBI,XXXXXX5821,GSTIN79637444158781,2024-07-07,dataset1
VEN-0052-D1,COMP-01-D1,Ivory Supplies,Facilities,Medium,Active,HDFC Bank,XXXXXX1055,GSTIN43545940468568,2025-05-08,dataset1
VEN-0053-D1,COMP-01-D1,Coral Traders,Consulting,Low,Active,Kotak Mahindra Bank,XXXXXX4390,GSTIN64712020684095,2024-09-11,dataset1
VEN-0054-D1,COMP-05-D1,Glacier Consulting,Facilities,Low,Active,SBI,XXXXXX0599,GSTIN11626215019990,2024-01-23,dataset1
VEN-0055-D1,COMP-05-D1,Drift Solutions,Consulting,Low,Active,HDFC Bank,XXXXXX0869,GSTIN48481289791187,2025-12-08,dataset1
VEN-0056-D1,COMP-01-D1,Onyx Labs,Raw Materials,Low,Active,ICICI Bank,XXXXXX2451,GSTIN82005658949999,2024-08-12,dataset1
VEN-0057-D1,COMP-03-D1,Meridian Services,Marketing Services,Low,Active,Yes Bank,XXXXXX5643,GSTIN56957917922088,2025-06-06,dataset1
VEN-0058-D1,COMP-05-D1,Anchor Logistics,Facilities,Low,Active,ICICI Bank,XXXXXX1084,GSTIN82757012354636,2026-02-04,dataset1
VEN-0059-D1,COMP-04-D1,Ember Traders,Utilities,Medium,Active,Yes Bank,XXXXXX5777,GSTIN47814933207435,2024-07-30,dataset1
VEN-0060-D1,COMP-01-D1,Meridian Group,Software/SaaS,Low,Active,Kotak Mahindra Bank,XXXXXX3355,GSTIN55318983942998,2024-08-20,dataset1
VEN-0061-D1,COMP-04-D1,Nimbus Labs,Marketing Services,Low,Active,ICICI Bank,XXXXXX3989,GSTIN16674489022773,2024-10-07,dataset1
VEN-0062-D1,COMP-04-D1,Harbor Consulting,Manufacturing,High,Active,SBI,XXXXXX6503,GSTIN31704935293202,2025-02-14,dataset1
VEN-0063-D1,COMP-04-D1,Redwood Group,Marketing Services,Low,Active,HDFC Bank,XXXXXX8984,GSTIN83753850138303,2024-12-29,dataset1
VEN-0064-D1,COMP-05-D1,Marlin Logistics,Logistics,Low,Active,HDFC Bank,XXXXXX0385,GSTIN14156102870393,2024-04-15,dataset1
VEN-0065-D1,COMP-04-D1,Redwood Industries,Facilities,Low,Blacklisted,Kotak Mahindra Bank,XXXXXX4448,GSTIN11759433783435,2025-10-09,dataset1
VEN-0066-D1,COMP-02-D1,Ridgeline Systems,Logistics,Low,Active,HDFC Bank,XXXXXX7002,GSTIN16190005219572,2025-06-07,dataset1
VEN-0067-D1,COMP-05-D1,Northgate Services,Consulting,Low,Active,Axis Bank,XXXXXX8472,GSTIN33915122941782,2025-11-08,dataset1
VEN-0068-D1,COMP-02-D1,Coral Group,Software/SaaS,High,Active,HDFC Bank,XXXXXX3434,GSTIN58047907735110,2025-04-06,dataset1
VEN-0069-D1,COMP-02-D1,Quantum Logistics,Office Supplies,Low,Active,ICICI Bank,XXXXXX2417,GSTIN93873241311116,2024-07-31,dataset1
VEN-0070-D1,COMP-03-D1,Ivory Consulting,Facilities,Low,Active,HDFC Bank,XXXXXX0767,GSTIN55179755549477,2026-02-19,dataset1
VEN-0071-D1,COMP-01-D1,Redwood Materials,Office Supplies,Low,Active,Axis Bank,XXXXXX4668,GSTIN48920721937187,2024-11-20,dataset1
VEN-0072-D1,COMP-03-D1,Silverline Technologies,Utilities,Medium,Active,SBI,XXXXXX7001,GSTIN31982944322763,2024-02-24,dataset1
VEN-0073-D1,COMP-01-D1,Ember Networks,Facilities,Low,Active,Kotak Mahindra Bank,XXXXXX6985,GSTIN16664483591976,2024-09-17,dataset1
VEN-0074-D1,COMP-01-D1,Crestview Materials,Software/SaaS,Medium,Active,Yes Bank,XXXXXX9435,GSTIN98398324913252,2024-07-03,dataset1
VEN-0075-D1,COMP-02-D1,Orion Materials,Marketing Services,Medium,Active,HDFC Bank,XXXXXX9130,GSTIN53708320973922,2024-09-03,dataset1
VEN-0076-D1,COMP-04-D1,Meridian Industries,Travel,Low,Active,SBI,XXXXXX1496,GSTIN94255038268391,2025-09-02,dataset1
VEN-0077-D1,COMP-04-D1,Juniper Traders,Logistics,Low,Active,ICICI Bank,XXXXXX5250,GSTIN21817540344710,2025-10-18,dataset1
VEN-0078-D1,COMP-05-D1,Beacon Networks,Manufacturing,Low,Active,ICICI Bank,XXXXXX6070,GSTIN51700460836602,2025-01-12,dataset1
VEN-0079-D1,COMP-05-D1,Drift Industries,Consulting,Low,Active,SBI,XXXXXX0568,GSTIN66748138331873,2024-10-30,dataset1
VEN-0080-D1,COMP-04-D1,Orion Logistics,Marketing Services,Low,Active,Yes Bank,XXXXXX1708,GSTIN81956966902390,2025-01-09,dataset1
VEN-0081-D1,COMP-03-D1,Horizon Industries,Office Supplies,Medium,Active,Axis Bank,XXXXXX6545,GSTIN74804686115006,2025-06-13,dataset1
VEN-0082-D1,COMP-02-D1,Horizon Supplies,Marketing Services,High,Active,Yes Bank,XXXXXX3801,GSTIN30676338522421,2024-02-04,dataset1
VEN-0083-D1,COMP-04-D1,Pinnacle Consulting,Utilities,Low,Active,ICICI Bank,XXXXXX2452,GSTIN89777249954687,2025-09-07,dataset1
VEN-0084-D1,COMP-04-D1,Summit Traders,Office Supplies,Medium,Active,Kotak Mahindra Bank,XXXXXX1957,GSTIN62545217460938,2024-03-02,dataset1
VEN-0085-D1,COMP-04-D1,Terra Technologies,Logistics,Low,Active,ICICI Bank,XXXXXX7338,GSTIN27271161358734,2025-02-05,dataset1
VEN-0086-D1,COMP-05-D1,Crestview Systems,Facilities,High,Active,Axis Bank,XXXXXX4851,GSTIN78685207005936,2026-04-24,dataset1
VEN-0087-D1,COMP-03-D1,Solstice Solutions,Consulting,Low,Active,SBI,XXXXXX9440,GSTIN14990052597313,2024-08-03,dataset1
VEN-0088-D1,COMP-05-D1,Cascade Industries,Raw Materials,Low,Active,SBI,XXXXXX0134,GSTIN75921636437451,2024-12-24,dataset1
VEN-0089-D1,COMP-03-D1,Ember Services,Utilities,Low,Active,ICICI Bank,XXXXXX2559,GSTIN23407903975941,2025-11-22,dataset1
VEN-0090-D1,COMP-04-D1,Redwood Labs,Raw Materials,Medium,Active,ICICI Bank,XXXXXX3540,GSTIN80894798069384,2024-11-28,dataset1
VEN-0091-D1,COMP-02-D1,Drift Services,Logistics,High,Active,Yes Bank,XXXXXX7593,GSTIN36774487784794,2025-03-27,dataset1
VEN-0092-D1,COMP-01-D1,Ridgeline Services,Raw Materials,Low,Active,Yes Bank,XXXXXX1272,GSTIN73038951158817,2025-05-03,dataset1
VEN-0093-D1,COMP-05-D1,Redwood Services,Manufacturing,Medium,Active,HDFC Bank,XXXXXX5869,GSTIN55252686935835,2025-01-02,dataset1
VEN-0094-D1,COMP-01-D1,Zenith Traders,Travel,Low,Active,SBI,XXXXXX0363,GSTIN96407935052051,2025-09-14,dataset1
VEN-0095-D1,COMP-01-D1,Beacon Industries,Software/SaaS,Low,Active,HDFC Bank,XXXXXX2684,GSTIN53523683770090,2024-08-29,dataset1
VEN-0096-D1,COMP-04-D1,Pinnacle Networks,Facilities,Low,Under Review,ICICI Bank,XXXXXX9961,GSTIN80628775549189,2025-09-22,dataset1
VEN-0097-D1,COMP-02-D1,Pioneer Supplies,Manufacturing,High,Active,ICICI Bank,XXXXXX2993,GSTIN55574808908350,2024-12-29,dataset1
VEN-0098-D1,COMP-01-D1,Vertex Solutions,Office Supplies,Medium,Active,HDFC Bank,XXXXXX7233,GSTIN52001682116879,2025-03-08,dataset1
VEN-0099-D1,COMP-05-D1,Lattice Logistics,Consulting,Low,Active,Axis Bank,XXXXXX5828,GSTIN16499833272026,2024-05-31,dataset1
VEN-0100-D1,COMP-04-D1,Ivory Industries,Consulting,High,Active,HDFC Bank,XXXXXX3466,GSTIN14633818638681,2024-11-16,dataset1
VEN-0101-D1,COMP-02-D1,Ridgeline Logistics,Software/SaaS,Low,Active,SBI,XXXXXX5025,GSTIN80469871419768,2025-08-01,dataset1
VEN-0102-D1,COMP-03-D1,Solstice Supplies,Travel,High,Under Review,ICICI Bank,XXXXXX5306,GSTIN73860378862270,2024-09-24,dataset1
VEN-0103-D1,COMP-05-D1,Onyx Partners,Utilities,Medium,Active,Kotak Mahindra Bank,XXXXXX6926,GSTIN22215385916386,2025-03-13,dataset1
VEN-0104-D1,COMP-01-D1,Terra Labs,Software/SaaS,Low,Active,Kotak Mahindra Bank,XXXXXX3878,GSTIN65379583699110,2024-12-14,dataset1
VEN-0105-D1,COMP-05-D1,Novus Partners,Utilities,Low,Active,Axis Bank,XXXXXX7321,GSTIN43583920351302,2024-05-01,dataset1
VEN-0106-D1,COMP-04-D1,Silverline Industries,Consulting,Medium,Active,SBI,XXXXXX0396,GSTIN99315774711765,2024-09-03,dataset1
VEN-0107-D1,COMP-02-D1,Keystone Networks,Facilities,Low,Active,Yes Bank,XXXXXX1723,GSTIN47350074264830,2024-11-08,dataset1
VEN-0108-D1,COMP-04-D1,Novus Materials,Office Supplies,Low,Active,Kotak Mahindra Bank,XXXXXX6228,GSTIN36966461360861,2024-11-05,dataset1
VEN-0109-D1,COMP-02-D1,Cascade Materials,Utilities,Medium,Active,SBI,XXXXXX8448,GSTIN65961017987874,2024-03-01,dataset1
VEN-0110-D1,COMP-01-D1,Marlin Labs,Logistics,Medium,Active,Yes Bank,XXXXXX4824,GSTIN77947823965756,2025-05-15,dataset1
VEN-0001-D2,COMP-03-D2,Pioneer Materials,Logistics,Medium,,,,,,dataset2
VEN-0002-D2,COMP-02-D2,Pinnacle Services,Marketing Services,High,,,,,,dataset2
VEN-0003-D2,COMP-02-D2,Crestview Traders,Consulting,High,,,,,,dataset2
VEN-0004-D2,COMP-03-D2,Glacier Technologies,Consulting,Medium,,,,,,dataset2
VEN-0005-D2,COMP-01-D2,Glacier Labs,Logistics,Low,,,,,,dataset2
VEN-0006-D2,COMP-02-D2,Ember Traders,Software/SaaS,Medium,,,,,,dataset2
VEN-0007-D2,COMP-02-D2,Redwood Traders,Travel,Low,,,,,,dataset2
VEN-0008-D2,COMP-03-D2,Anchor Technologies,Logistics,Low,,,,,,dataset2
VEN-0009-D2,COMP-05-D2,Cascade Labs,Manufacturing,Low,,,,,,dataset2
VEN-0010-D2,COMP-01-D2,Frontier Materials,Facilities,Low,,,,,,dataset2
VEN-0011-D2,COMP-03-D2,Solstice Services,Manufacturing,Low,,,,,,dataset2
VEN-0012-D2,COMP-03-D2,BluePeak Solutions,Raw Materials,Low,,,,,,dataset2
VEN-0013-D2,COMP-05-D2,Horizon Consulting,Facilities,Low,,,,,,dataset2
VEN-0014-D2,COMP-01-D2,Redwood Partners,Software/SaaS,Medium,,,,,,dataset2
VEN-0015-D2,COMP-02-D2,Novus Services,Facilities,Medium,,,,,,dataset2
VEN-0016-D2,COMP-03-D2,Drift Group,Office Supplies,High,,,,,,dataset2
VEN-0017-D2,COMP-03-D2,Terra Systems,Office Supplies,Medium,,,,,,dataset2
VEN-0018-D2,COMP-03-D2,Marlin Partners,Marketing Services,Low,,,,,,dataset2
VEN-0019-D2,COMP-04-D2,Pinnacle Industries,Logistics,Low,,,,,,dataset2
VEN-0020-D2,COMP-05-D2,Silverline Consulting,Raw Materials,Low,,,,,,dataset2
VEN-0021-D2,COMP-05-D2,Nimbus Partners,Manufacturing,Low,,,,,,dataset2
VEN-0022-D2,COMP-04-D2,Sable Materials,Utilities,Low,,,,,,dataset2
VEN-0023-D2,COMP-02-D2,Pioneer Supplies,Travel,Medium,,,,,,dataset2
VEN-0024-D2,COMP-05-D2,Summit Partners,Facilities,Medium,,,,,,dataset2
VEN-0025-D2,COMP-02-D2,Beacon Solutions,Logistics,Medium,,,,,,dataset2
VEN-0026-D2,COMP-04-D2,Redwood Industries,Software/SaaS,Low,,,,,,dataset2
VEN-0027-D2,COMP-05-D2,Terra Traders,Office Supplies,Low,,,,,,dataset2
VEN-0028-D2,COMP-02-D2,Redwood Networks,Marketing Services,Low,,,,,,dataset2
VEN-0029-D2,COMP-01-D2,Quantum Materials,Software/SaaS,Medium,,,,,,dataset2
VEN-0030-D2,COMP-05-D2,Horizon Logistics,Consulting,Medium,,,,,,dataset2
VEN-0031-D2,COMP-01-D2,Juniper Technologies,Facilities,Low,,,,,,dataset2
VEN-0032-D2,COMP-05-D2,Juniper Industries,Travel,Medium,,,,,,dataset2
VEN-0033-D2,COMP-05-D2,Sable Systems,Travel,Medium,,,,,,dataset2
VEN-0034-D2,COMP-02-D2,Horizon Traders,Facilities,Low,,,,,,dataset2
VEN-0035-D2,COMP-03-D2,Keystone Enterprises,Manufacturing,Medium,,,,,,dataset2
VEN-0036-D2,COMP-01-D2,Novus Enterprises,Logistics,Low,,,,,,dataset2
VEN-0037-D2,COMP-05-D2,Granite Logistics,Manufacturing,Low,,,,,,dataset2
VEN-0038-D2,COMP-02-D2,Summit Industries,Consulting,Low,,,,,,dataset2
VEN-0039-D2,COMP-05-D2,Pioneer Solutions,Marketing Services,Low,,,,,,dataset2
VEN-0040-D2,COMP-04-D2,Juniper Group,Software/SaaS,Low,,,,,,dataset2
VEN-0041-D2,COMP-01-D2,Ember Services,Raw Materials,High,,,,,,dataset2
VEN-0042-D2,COMP-03-D2,Quartz Group,Travel,Low,,,,,,dataset2
VEN-0043-D2,COMP-04-D2,Falcon Labs,Marketing Services,Medium,,,,,,dataset2
VEN-0044-D2,COMP-02-D2,Onyx Networks,Facilities,Medium,,,,,,dataset2
VEN-0045-D2,COMP-01-D2,Lattice Logistics,Manufacturing,Low,,,,,,dataset2
VEN-0046-D2,COMP-04-D2,Ember Systems,Marketing Services,Medium,,,,,,dataset2
VEN-0047-D2,COMP-04-D2,Meridian Consulting,Facilities,Low,,,,,,dataset2
VEN-0048-D2,COMP-04-D2,Ridgeline Consulting,Software/SaaS,Low,,,,,,dataset2
VEN-0049-D2,COMP-03-D2,Meridian Traders,Travel,Low,,,,,,dataset2
VEN-0050-D2,COMP-04-D2,Pioneer Enterprises,Utilities,Low,,,,,,dataset2
VEN-0051-D2,COMP-01-D2,Lumen Labs,Marketing Services,Low,,,,,,dataset2
VEN-0052-D2,COMP-03-D2,Keystone Technologies,Facilities,Low,,,,,,dataset2
VEN-0053-D2,COMP-01-D2,Anchor Materials,Office Supplies,Medium,,,,,,dataset2
VEN-0054-D2,COMP-05-D2,Vertex Logistics,Logistics,Medium,,,,,,dataset2
VEN-0055-D2,COMP-01-D2,Quantum Logistics,Consulting,Low,,,,,,dataset2
VEN-0056-D2,COMP-03-D2,Quartz Logistics,Travel,Medium,,,,,,dataset2
VEN-0057-D2,COMP-01-D2,Northgate Consulting,Raw Materials,High,,,,,,dataset2
VEN-0058-D2,COMP-03-D2,Northgate Partners,Office Supplies,Low,,,,,,dataset2
VEN-0059-D2,COMP-02-D2,Quartz Materials,Marketing Services,Low,,,,,,dataset2
VEN-0060-D2,COMP-03-D2,Cascade Consulting,Logistics,Low,,,,,,dataset2
VEN-0061-D2,COMP-05-D2,Sable Labs,Office Supplies,Medium,,,,,,dataset2
VEN-0062-D2,COMP-03-D2,BluePeak Systems,Facilities,Low,,,,,,dataset2
VEN-0063-D2,COMP-04-D2,Cascade Supplies,Utilities,Low,,,,,,dataset2
VEN-0064-D2,COMP-04-D2,Lattice Solutions,Marketing Services,High,,,,,,dataset2
VEN-0065-D2,COMP-03-D2,Quantum Group,Consulting,Medium,,,,,,dataset2
VEN-0066-D2,COMP-04-D2,Terra Labs,Facilities,Medium,,,,,,dataset2
VEN-0067-D2,COMP-01-D2,Ridgeline Partners,Utilities,Medium,,,,,,dataset2
VEN-0068-D2,COMP-04-D2,Lumen Services,Travel,Low,,,,,,dataset2
VEN-0069-D2,COMP-04-D2,Quartz Consulting,Marketing Services,Low,,,,,,dataset2
VEN-0070-D2,COMP-03-D2,Zenith Industries,Travel,Low,,,,,,dataset2
VEN-0071-D2,COMP-03-D2,Beacon Partners,Raw Materials,Medium,,,,,,dataset2
VEN-0072-D2,COMP-01-D2,Pinnacle Technologies,Facilities,High,,,,,,dataset2
VEN-0073-D2,COMP-02-D2,Crestview Networks,Marketing Services,Low,,,,,,dataset2
VEN-0074-D2,COMP-01-D2,Keystone Materials,Travel,Low,,,,,,dataset2
VEN-0075-D2,COMP-05-D2,Anchor Group,Logistics,Low,,,,,,dataset2
VEN-0076-D2,COMP-04-D2,Drift Enterprises,Facilities,Low,,,,,,dataset2
VEN-0077-D2,COMP-03-D2,Pinnacle Systems,Utilities,Medium,,,,,,dataset2
VEN-0078-D2,COMP-02-D2,Falcon Partners,Logistics,Low,,,,,,dataset2
VEN-0079-D2,COMP-02-D2,Zenith Solutions,Facilities,High,,,,,,dataset2
VEN-0080-D2,COMP-05-D2,Redwood Logistics,Travel,Low,,,,,,dataset2
VEN-0081-D2,COMP-02-D2,Novus Consulting,Manufacturing,High,,,,,,dataset2
VEN-0082-D2,COMP-05-D2,Drift Industries,Manufacturing,Low,,,,,,dataset2
VEN-0083-D2,COMP-05-D2,Meridian Partners,Software/SaaS,High,,,,,,dataset2
VEN-0084-D2,COMP-04-D2,Granite Networks,Consulting,Medium,,,,,,dataset2
VEN-0085-D2,COMP-04-D2,Ironclad Traders,Software/SaaS,Low,,,,,,dataset2
VEN-0086-D2,COMP-04-D2,Beacon Industries,Software/SaaS,Low,,,,,,dataset2
VEN-0087-D2,COMP-01-D2,Solstice Traders,Office Supplies,Low,,,,,,dataset2
VEN-0088-D2,COMP-03-D2,Orion Industries,Consulting,Medium,,,,,,dataset2
VEN-0089-D2,COMP-04-D2,Summit Logistics,Office Supplies,Low,,,,,,dataset2
VEN-0090-D2,COMP-05-D2,Sable Consulting,Raw Materials,Low,,,,,,dataset2
VEN-0091-D2,COMP-05-D2,Ember Enterprises,Travel,Low,,,,,,dataset2
VEN-0092-D2,COMP-05-D2,Horizon Partners,Raw Materials,Medium,,,,,,dataset2
VEN-0093-D2,COMP-03-D2,Ironclad Labs,Logistics,Medium,,,,,,dataset2
VEN-0094-D2,COMP-01-D2,Crestview Industries,Facilities,Low,,,,,,dataset2
VEN-0095-D2,COMP-01-D2,Glacier Enterprises,Raw Materials,Low,,,,,,dataset2
VEN-0096-D2,COMP-04-D2,Anchor Partners,Manufacturing,Medium,,,,,,dataset2
VEN-0097-D2,COMP-05-D2,Cascade Materials,Logistics,High,,,,,,dataset2
VEN-0098-D2,COMP-02-D2,Redwood Group,Office Supplies,Low,,,,,,dataset2
VEN-0099-D2,COMP-02-D2,Lumen Traders,Consulting,Low,,,,,,dataset2
VEN-0100-D2,COMP-04-D2,Falcon Consulting,Raw Materials,High,,,,,,dataset2
