invoice_id,company_id,vendor_id,department,gl_account,subtotal,tax_amount,total_amount,currency,date,due_date,payment_terms,status,po_number,contract_id,submitted_by,submitted_at,source_channel,ocr_confidence,is_recurring,notes,file_storage_path
INV-00001-D1,COMP-02,VEN-0091-D1,Marketing,6400,16356.29,3590.4,19946.69,INR,2026-05-07,2026-05-22,Net 45,Pending,PO-767302,,USR-0064-D1,2026-05-07 14:58:04,email_upload,0.81,false,,
INV-00002-D1,COMP-04,VEN-0106-D1,R&D,6300,13407.51,2943.11,16350.62,INR,2026-06-29,2026-07-14,Net 60,Paid,PO-351769,,USR-0107-D1,2026-06-29 13:48:53,whatsapp_bot,0.84,false,,
INV-00003-D1,COMP-05,VEN-0039-D1,Legal,6500,40260.95,8837.77,49098.72,INR,2025-04-24,2025-06-23,Net 15,Paid,PO-671897,,USR-0037-D1,2025-04-24 18:19:29,scanned_document,0.84,false,,
INV-00004-D1,COMP-02,VEN-0016-D1,HR,6500,45321.56,9948.63,55270.19,INR,2025-02-12,2025-04-13,Net 30,Overdue,PO-258234,,USR-0052-D1,2025-02-12 11:24:17,scanned_document,0.87,true,,
INV-00005-D1,COMP-04,VEN-0014-D1,HR,7000,19531.91,4287.49,23819.4,INR,2025-09-14,2025-10-29,Net 60,Pending,PO-798466,CTR-5846,USR-0012-D1,2025-09-14 17:47:55,portal_upload,0.87,false,,
INV-00006-D1,COMP-02,VEN-0008-D1,Marketing,6200,1389.38,304.99,1694.37,INR,2026-04-04,2026-05-19,Net 30,Overdue,PO-136812,,USR-0043-D1,2026-04-04 11:46:38,email_upload,0.98,false,,
INV-00007-D1,COMP-04,VEN-0096-D1,Customer Success,6900,13297.65,2919.0,16216.65,INR,2025-10-15,2025-11-14,Net 45,Paid,PO-527360,CTR-9122,USR-0075-D1,2025-10-15 17:01:26,scanned_document,0.92,false,,
INV-00008-D1,COMP-04,VEN-0018-D1,HR,7100,44295.86,9723.48,54019.34,INR,2025-03-05,2025-04-04,Net 45,Paid,PO-156094,,USR-0018-D1,2025-03-05 17:10:43,portal_upload,0.91,false,,
INV-00009-D1,COMP-02,VEN-0027-D1,Customer Success,7000,19361.39,4250.06,23611.45,INR,2026-02-23,2026-03-25,Net 45,Overdue,PO-661700,,USR-0043-D1,2026-02-23 14:02:09,scanned_document,0.89,false,,
INV-00010-D1,COMP-01,VEN-0034-D1,HR,6400,14556.66,3195.37,17752.03,INR,2025-04-09,2025-06-08,Net 60,Overdue,PO-284988,,USR-0063-D1,2025-04-09 10:59:19,email_upload,0.98,false,,
INV-00011-D1,COMP-02,VEN-0028-D1,Finance,6500,57220.45,12560.59,69781.04,INR,2026-02-28,2026-03-15,Net 45,Pending,PO-523289,,USR-0041-D1,2026-02-28 18:42:15,whatsapp_bot,0.84,false,,
INV-00012-D1,COMP-03,VEN-0029-D1,Operations,7000,5333.54,1170.78,6504.32,INR,2025-03-22,2025-05-06,Net 15,Paid,PO-440936,CTR-8660,USR-0022-D1,2025-03-22 17:04:07,whatsapp_bot,0.84,false,,
INV-00013-D1,COMP-04,VEN-0038-D1,Finance,6500,77248.05,0.0,77248.05,EUR,2026-06-28,2026-07-28,Net 15,Paid,PO-705589,,USR-0080-D1,2026-06-28 12:18:53,whatsapp_bot,0.9,true,,
INV-00014-D1,COMP-05,VEN-0103-D1,Finance,6600,6312.74,1385.72,7698.46,INR,2025-12-04,2026-01-18,Net 60,Paid,PO-815829,CTR-4181,USR-0027-D1,2025-12-04 16:36:08,whatsapp_bot,0.97,false,,
INV-00015-D1,COMP-03,VEN-0057-D1,HR,6700,19611.85,4305.04,23916.89,INR,2025-07-21,2025-09-04,Net 45,Paid,PO-875254,,USR-0103-D1,2025-07-21 13:47:50,email_upload,0.94,false,,
INV-00016-D1,COMP-05,VEN-0006-D1,Sales,6400,11413.60,2505.42,13919.02,INR,2026-03-08,2026-03-23,Net 45,Overdue,PO-999810,,USR-0006-D1,2026-03-08 16:49:06,scanned_document,0.83,false,,
INV-00017-D1,COMP-02,VEN-0027-D1,Finance,6300,11556.37,2536.77,14093.14,INR,2025-01-22,2025-02-21,Net 30,Overdue,PO-502812,,USR-0015-D1,2025-01-22 17:27:49,scanned_document,0.83,false,,
INV-00018-D1,COMP-05,VEN-0001-D1,HR,6600,1471.62,323.04,1794.66,INR,2025-12-30,2026-02-28,Net 60,Disputed,PO-309615,CTR-4928,USR-0116-D1,2025-12-30 10:37:56,scanned_document,0.88,false,,
INV-00019-D1,COMP-01,VEN-0073-D1,HR,6900,13145.01,2885.49,16030.5,INR,2025-02-09,2025-03-11,Net 45,Paid,,CTR-8666,USR-0005-D1,2025-02-09 12:51:00,whatsapp_bot,0.81,true,,
INV-00020-D1,COMP-01,VEN-0098-D1,Marketing,6200,493.21,108.26,601.47,INR,2026-06-26,2026-07-26,Net 15,Pending,PO-500158,,USR-0010-D1,2026-06-26 14:06:32,email_upload,0.97,true,,
INV-00021-D1,COMP-02,VEN-0091-D1,HR,6400,11097.12,2435.95,13533.07,INR,2025-04-24,2025-05-09,Net 45,Pending,,,USR-0043-D1,2025-04-24 14:43:06,email_upload,0.85,false,,
INV-00022-D1,COMP-03,VEN-0011-D1,Marketing,6100,927.81,203.67,1131.48,INR,2025-08-08,2025-10-07,Net 30,Pending,PO-321066,,USR-0022-D1,2025-08-08 15:59:39,email_upload,0.97,false,,
INV-00023-D1,COMP-04,VEN-0004-D1,Finance,6800,1618.05,355.18,1973.23,INR,2025-06-16,2025-08-15,Net 60,Paid,PO-753313,,USR-0036-D1,2025-06-16 19:41:59,portal_upload,0.96,false,,
INV-00024-D1,COMP-04,VEN-0014-D1,Engineering,6300,34129.38,7491.81,41621.19,INR,2025-11-18,2026-01-17,Net 30,Pending,PO-580282,CTR-1223,USR-0080-D1,2025-11-18 14:04:34,whatsapp_bot,0.83,false,,
INV-00025-D1,COMP-04,VEN-0032-D1,Finance,6800,1115.14,244.79,1359.93,INR,2025-01-29,2025-02-13,Net 15,Pending,PO-787823,CTR-2096,USR-0076-D1,2025-01-29 12:41:16,email_upload,0.92,false,,
INV-00026-D1,COMP-03,VEN-0010-D1,Sales,6600,3728.48,818.45,4546.93,INR,2026-05-21,2026-07-05,Net 45,Disputed,,CTR-4375,USR-0025-D1,2026-05-21 16:11:57,whatsapp_bot,0.86,false,,
INV-00027-D1,COMP-04,VEN-0014-D1,HR,6300,33241.03,7296.81,40537.84,INR,2025-12-10,2026-01-24,Net 30,Pending,,,USR-0018-D1,2025-12-10 12:04:57,portal_upload,0.95,false,,
INV-00028-D1,COMP-04,VEN-0084-D1,Marketing,6200,1418.90,311.47,1730.37,INR,2025-08-17,2025-09-01,Net 45,Paid,PO-472632,CTR-2826,USR-0039-D1,2025-08-17 09:17:54,whatsapp_bot,0.87,false,,
INV-00029-D1,COMP-03,VEN-0029-D1,HR,7000,36537.45,8020.42,44557.87,INR,2026-01-29,2026-03-15,Net 60,Paid,,,USR-0007-D1,2026-01-29 16:16:55,portal_upload,0.82,false,,
INV-00030-D1,COMP-01,VEN-0012-D1,IT,6200,325.88,71.54,397.42,INR,2026-05-07,2026-06-06,Net 15,Disputed,,,USR-0056-D1,2026-05-07 15:28:03,scanned_document,0.81,false,,
INV-00031-D1,COMP-03,VEN-0011-D1,Legal,6110,3564.46,782.44,4346.9,INR,2026-04-17,2026-05-17,Net 45,Paid,,CTR-1178,USR-0117-D1,2026-04-17 16:40:20,email_upload,0.85,false,,
INV-00032-D1,COMP-02,VEN-0069-D1,HR,6200,2329.06,0.0,2329.06,EUR,2025-05-23,2025-07-07,Net 30,Paid,PO-485589,,USR-0026-D1,2025-05-23 14:47:02,whatsapp_bot,0.92,false,,
INV-00033-D1,COMP-04,VEN-0004-D1,Sales,6800,132.67,29.12,161.79,INR,2026-05-11,2026-06-10,Net 45,Paid,PO-616007,,USR-0087-D1,2026-05-11 14:32:54,whatsapp_bot,0.93,true,,
INV-00034-D1,COMP-04,VEN-0106-D1,Engineering,6300,7733.35,1697.57,9430.92,INR,2025-09-22,2025-11-21,Net 45,Pending,PO-352119,,USR-0014-D1,2025-09-22 17:45:24,scanned_document,0.91,true,,
INV-00035-D1,COMP-05,VEN-0055-D1,Sales,6300,4797.66,1053.15,5850.81,INR,2026-04-09,2026-06-08,Net 15,Paid,PO-880639,,USR-0067-D1,2026-04-09 18:42:14,scanned_document,0.85,false,,
INV-00036-D1,COMP-04,VEN-0018-D1,IT,6500,9813.37,2154.15,11967.52,INR,2026-01-21,2026-03-07,Net 60,Overdue,PO-567953,CTR-5150,USR-0092-D1,2026-01-21 19:45:32,portal_upload,0.85,false,,
INV-00037-D1,COMP-02,VEN-0028-D1,Finance,6500,66388.66,14573.12,80961.78,INR,2025-01-10,2025-03-11,Net 60,Pending,PO-289002,,USR-0026-D1,2025-01-10 19:48:45,whatsapp_bot,0.89,false,,
INV-00038-D1,COMP-04,VEN-0085-D1,Legal,6400,12634.19,2773.36,15407.55,INR,2025-05-11,2025-06-10,Net 45,Pending,PO-525868,,USR-0071-D1,2025-05-11 13:07:02,scanned_document,0.92,false,,
INV-00039-D1,COMP-02,VEN-0048-D1,Operations,6600,4313.23,946.81,5260.04,INR,2025-06-17,2025-07-02,Net 15,Pending,PO-307950,,USR-0043-D1,2025-06-17 19:56:49,scanned_document,0.97,false,,
INV-00040-D1,COMP-01,VEN-0023-D1,Operations,6200,2219.58,487.23,2706.81,INR,2025-08-31,2025-09-15,Net 45,Paid,PO-255835,CTR-2375,USR-0065-D1,2025-08-31 10:59:05,portal_upload,0.89,true,,
INV-00041-D1,COMP-04,VEN-0065-D1,Legal,6900,3243.99,712.1,3956.09,INR,2025-02-22,2025-03-24,Net 30,Overdue,PO-340557,,USR-0107-D1,2025-02-22 15:24:18,scanned_document,0.86,true,,
INV-00042-D1,COMP-05,VEN-0031-D1,Operations,6500,33703.34,7398.29,41101.63,INR,2026-06-19,2026-08-03,Net 45,Overdue,,,USR-0020-D1,2026-06-19 09:14:46,scanned_document,0.9,true,,
INV-00043-D1,COMP-05,VEN-0067-D1,Operations,7000,3830.64,840.87,4671.51,INR,2025-11-20,2025-12-05,Net 60,Paid,PO-760013,,USR-0101-D1,2025-11-20 14:32:15,whatsapp_bot,0.97,false,,
INV-00044-D1,COMP-04,VEN-0080-D1,IT,6700,11219.03,2462.71,13681.74,INR,2025-03-10,2025-04-24,Net 15,Overdue,PO-600062,,USR-0071-D1,2025-03-10 17:14:28,portal_upload,0.98,false,,
INV-00045-D1,COMP-05,VEN-0005-D1,R&D,6400,2329.10,511.26,2840.36,INR,2026-04-23,2026-05-08,Net 45,Paid,PO-457353,,USR-0003-D1,2026-04-23 10:54:48,scanned_document,0.88,true,,
INV-00046-D1,COMP-05,VEN-0022-D1,HR,7000,8476.17,1860.62,10336.79,INR,2026-03-13,2026-04-27,Net 60,Paid,,,USR-0020-D1,2026-03-13 12:29:35,scanned_document,0.85,false,,
INV-00047-D1,COMP-05,VEN-0105-D1,R&D,6600,2331.29,511.75,2843.04,INR,2025-09-11,2025-09-26,Net 15,Paid,PO-996037,,USR-0067-D1,2025-09-11 16:52:44,portal_upload,0.92,false,,
INV-00048-D1,COMP-04,VEN-0047-D1,Operations,6700,9729.16,2135.67,11864.83,INR,2025-12-28,2026-02-26,Net 30,Paid,PO-530515,,USR-0115-D1,2025-12-28 10:14:00,whatsapp_bot,0.94,false,,
INV-00049-D1,COMP-05,VEN-0086-D1,Engineering,6900,7346.64,1612.68,8959.32,INR,2025-06-26,2025-08-10,Net 30,Disputed,PO-668954,,USR-0081-D1,2025-06-26 11:54:47,scanned_document,0.92,true,,
INV-00050-D1,COMP-03,VEN-0010-D1,Customer Success,6600,596.76,131.0,727.76,INR,2025-02-23,2025-03-25,Net 45,Disputed,PO-496479,,USR-0086-D1,2025-02-23 19:25:19,scanned_document,0.86,false,,
INV-00051-D1,COMP-04,VEN-0062-D1,Legal,7100,36538.63,8020.67,44559.3,INR,2025-08-21,2025-09-20,Net 15,Paid,PO-829708,,USR-0107-D1,2025-08-21 17:23:59,email_upload,0.96,false,,
INV-00052-D1,COMP-01,VEN-0095-D1,IT,6110,2285.54,501.7,2787.24,INR,2025-03-20,2025-05-19,Net 30,Paid,PO-295890,CTR-2848,USR-0030-D1,2025-03-20 13:21:32,email_upload,0.89,false,,
INV-00053-D1,COMP-02,VEN-0020-D1,R&D,6800,1145.56,0.0,1145.56,USD,2025-06-06,2025-08-05,Net 30,Overdue,PO-733501,,USR-0052-D1,2025-06-06 15:08:38,scanned_document,0.85,false,,
INV-00054-D1,COMP-01,VEN-0026-D1,Customer Success,6500,47789.29,10490.33,58279.62,INR,2025-04-23,2025-06-22,Net 30,Overdue,PO-635694,CTR-3811,USR-0010-D1,2025-04-23 12:17:53,scanned_document,0.81,false,,
INV-00055-D1,COMP-01,VEN-0030-D1,Sales,6900,17873.79,3923.52,21797.31,INR,2026-01-01,2026-03-02,Net 60,Paid,PO-249473,,USR-0069-D1,2026-01-01 11:40:13,portal_upload,0.84,false,,
INV-00056-D1,COMP-05,VEN-0046-D1,IT,6600,7742.55,0.0,7742.55,EUR,2026-02-18,2026-03-05,Net 60,Paid,PO-981091,,USR-0057-D1,2026-02-18 15:21:22,email_upload,0.87,true,,
INV-00057-D1,COMP-03,VEN-0102-D1,Finance,6800,2452.72,538.4,2991.12,INR,2025-08-13,2025-09-27,Net 60,Overdue,PO-291273,CTR-9543,USR-0117-D1,2025-08-13 11:35:35,email_upload,0.85,true,,
INV-00058-D1,COMP-02,VEN-0082-D1,Legal,6700,3584.45,786.83,4371.28,INR,2025-09-18,2025-11-17,Net 60,Pending,PO-488481,CTR-7181,USR-0052-D1,2025-09-18 18:50:54,email_upload,0.95,true,,
INV-00059-D1,COMP-02,VEN-0027-D1,Engineering,6300,30637.37,6725.28,37362.65,INR,2025-05-24,2025-06-23,Net 30,Paid,PO-869045,,USR-0099-D1,2025-05-24 12:03:27,email_upload,0.98,false,,
INV-00060-D1,COMP-03,VEN-0081-D1,Sales,6200,1485.13,326.0,1811.13,INR,2025-11-05,2025-11-20,Net 30,Paid,,,USR-0025-D1,2025-11-05 11:07:02,email_upload,0.93,false,,
INV-00061-D1,COMP-03,VEN-0033-D1,Legal,6900,5083.84,1115.97,6199.81,INR,2025-01-26,2025-02-25,Net 60,Paid,PO-787060,,USR-0001-D1,2025-01-26 11:50:22,email_upload,0.81,false,,
INV-00062-D1,COMP-03,VEN-0089-D1,IT,6600,1165.77,255.9,1421.67,INR,2025-01-05,2025-01-20,Net 60,Overdue,PO-697563,CTR-4456,USR-0048-D1,2025-01-05 14:26:45,portal_upload,0.87,false,,
INV-00063-D1,COMP-01,VEN-0041-D1,R&D,6900,5679.40,1246.7,6926.1,INR,2025-12-11,2026-01-10,Net 60,Pending,PO-187000,,USR-0106-D1,2025-12-11 17:31:17,email_upload,0.89,false,,
INV-00064-D1,COMP-03,VEN-0011-D1,Legal,6110,8123.55,1783.22,9906.77,INR,2025-04-10,2025-04-25,Net 45,Pending,PO-391399,,USR-0077-D1,2025-04-10 13:13:04,scanned_document,0.95,true,,
INV-00065-D1,COMP-01,VEN-0110-D1,HR,6400,4441.41,974.94,5416.35,INR,2026-06-03,2026-06-18,Net 30,Paid,PO-136082,,USR-0056-D1,2026-06-03 09:05:05,email_upload,0.84,false,,
INV-00066-D1,COMP-02,VEN-0044-D1,Sales,6200,437.22,95.97,533.19,INR,2025-08-17,2025-10-16,Net 60,Disputed,PO-331898,CTR-7821,USR-0026-D1,2025-08-17 12:16:16,portal_upload,0.83,false,,
INV-00067-D1,COMP-01,VEN-0071-D1,Finance,6200,1021.04,224.13,1245.17,INR,2025-06-21,2025-07-21,Net 60,Disputed,PO-485519,,USR-0029-D1,2025-06-21 16:31:59,portal_upload,0.82,false,,
INV-00068-D1,COMP-01,VEN-0041-D1,Engineering,6900,6795.38,1491.67,8287.05,INR,2026-04-15,2026-04-30,Net 45,Cancelled,PO-818758,CTR-4119,USR-0100-D1,2026-04-15 16:40:23,whatsapp_bot,0.93,false,,
INV-00069-D1,COMP-02,VEN-0097-D1,HR,6500,56220.05,12340.99,68561.04,INR,2025-10-21,2025-11-05,Net 60,Cancelled,PO-379515,,USR-0113-D1,2025-10-21 19:37:45,portal_upload,0.81,false,,
INV-00070-D1,COMP-02,VEN-0027-D1,Marketing,6300,12166.91,2670.79,14837.7,INR,2026-06-12,2026-07-27,Net 60,Pending,,,USR-0043-D1,2026-06-12 15:25:44,scanned_document,0.91,false,,
INV-00071-D1,COMP-05,VEN-0055-D1,Customer Success,6300,22553.79,4950.83,27504.62,INR,2026-01-30,2026-03-01,Net 30,Paid,PO-488042,CTR-2573,USR-0011-D1,2026-01-30 14:35:08,whatsapp_bot,0.85,true,,
INV-00072-D1,COMP-04,VEN-0100-D1,Marketing,6300,34498.99,7572.95,42071.94,INR,2026-02-01,2026-04-02,Net 15,Paid,PO-151327,CTR-6433,USR-0018-D1,2026-02-01 09:14:42,email_upload,0.89,false,,
INV-00073-D1,COMP-05,VEN-0055-D1,Operations,6300,4560.05,1000.99,5561.04,INR,2026-04-03,2026-05-03,Net 30,Pending,PO-211320,,USR-0081-D1,2026-04-03 11:19:27,whatsapp_bot,0.93,false,,
INV-00074-D1,COMP-05,VEN-0043-D1,Engineering,6500,8193.28,1798.52,9991.8,INR,2025-07-15,2025-09-13,Net 30,Paid,PO-575912,,USR-0062-D1,2025-07-15 19:13:27,email_upload,0.82,false,,
INV-00075-D1,COMP-05,VEN-0054-D1,IT,6900,1798.34,394.76,2193.1,INR,2025-03-28,2025-04-12,Net 45,Paid,PO-501012,CTR-8758,USR-0081-D1,2025-03-28 12:16:58,whatsapp_bot,0.9,false,,
INV-00076-D1,COMP-04,VEN-0090-D1,Sales,6500,38617.92,8477.11,47095.03,INR,2025-02-16,2025-03-03,Net 60,Paid,PO-858126,,USR-0039-D1,2025-02-16 14:15:03,portal_upload,0.85,true,,
INV-00077-D1,COMP-03,VEN-0070-D1,IT,6900,17782.26,3903.42,21685.68,INR,2025-06-09,2025-07-24,Net 60,Overdue,,,USR-0079-D1,2025-06-09 10:51:24,portal_upload,0.84,true,,
INV-00078-D1,COMP-02,VEN-0048-D1,Finance,6600,3429.13,752.74,4181.87,INR,2025-08-16,2025-09-30,Net 60,Pending,PO-796419,CTR-9369,USR-0068-D1,2025-08-16 11:32:01,portal_upload,0.91,true,,
INV-00079-D1,COMP-04,VEN-0059-D1,Finance,6600,715.32,157.02,872.34,INR,2026-01-05,2026-02-04,Net 60,Overdue,PO-766093,,USR-0080-D1,2026-01-05 15:41:47,email_upload,0.87,true,,
INV-00080-D1,COMP-02,VEN-0048-D1,HR,6600,1890.02,414.88,2304.9,INR,2026-05-14,2026-05-29,Net 45,Overdue,PO-560588,CTR-5020,USR-0034-D1,2026-05-14 14:54:26,whatsapp_bot,0.85,true,,
INV-00081-D1,COMP-05,VEN-0015-D1,Operations,6100,5636.02,1237.18,6873.2,INR,2026-02-12,2026-03-29,Net 30,Cancelled,PO-111616,CTR-4796,USR-0003-D1,2026-02-12 15:24:11,portal_upload,0.94,true,,
INV-00082-D1,COMP-01,VEN-0074-D1,Finance,6110,6545.57,1436.83,7982.4,INR,2025-04-03,2025-06-02,Net 30,Paid,PO-480854,CTR-4941,USR-0049-D1,2025-04-03 12:28:19,portal_upload,0.8,true,,
INV-00083-D1,COMP-04,VEN-0077-D1,Customer Success,6400,3076.02,675.22,3751.24,INR,2026-04-26,2026-06-25,Net 15,Paid,PO-561820,CTR-2490,USR-0021-D1,2026-04-26 10:16:48,portal_upload,0.98,false,,
INV-00084-D1,COMP-04,VEN-0038-D1,Finance,6500,34650.08,7606.11,42256.19,INR,2025-06-23,2025-07-08,Net 45,Pending,PO-667346,,USR-0111-D1,2025-06-23 16:07:23,portal_upload,0.84,false,,
INV-00085-D1,COMP-02,VEN-0003-D1,Finance,6700,6105.15,1340.16,7445.31,INR,2025-01-04,2025-02-03,Net 15,Cancelled,PO-525613,,USR-0059-D1,2025-01-04 12:42:34,scanned_document,0.85,true,,
INV-00086-D1,COMP-03,VEN-0089-D1,Sales,6600,1818.74,399.24,2217.98,INR,2026-05-29,2026-06-28,Net 45,Overdue,PO-404518,CTR-4295,USR-0032-D1,2026-05-29 11:42:32,scanned_document,0.9,true,,
INV-00087-D1,COMP-05,VEN-0058-D1,R&D,6900,19893.19,4366.8,24259.99,INR,2025-03-02,2025-03-17,Net 15,Paid,PO-637054,,USR-0101-D1,2025-03-02 18:02:37,email_upload,0.94,true,,
INV-00088-D1,COMP-01,VEN-0041-D1,Finance,6900,12529.84,2750.45,15280.29,INR,2025-05-15,2025-06-29,Net 30,Paid,PO-153054,,USR-0105-D1,2025-05-15 10:01:39,portal_upload,0.83,true,,
INV-00089-D1,COMP-03,VEN-0049-D1,R&D,6700,11853.88,2602.07,14455.95,INR,2026-04-12,2026-05-12,Net 30,Disputed,PO-971613,,USR-0072-D1,2026-04-12 12:17:17,portal_upload,0.9,true,,
INV-00090-D1,COMP-03,VEN-0045-D1,Legal,6110,9115.76,2001.02,11116.78,INR,2026-02-20,2026-03-22,Net 45,Pending,PO-631427,CTR-2985,USR-0025-D1,2026-02-20 11:27:58,whatsapp_bot,0.84,false,,
INV-00091-D1,COMP-03,VEN-0087-D1,Marketing,7000,32591.32,7154.19,39745.51,INR,2026-03-22,2026-05-21,Net 45,Paid,PO-205615,CTR-3997,USR-0104-D1,2026-03-22 19:45:27,whatsapp_bot,0.83,true,,
INV-00092-D1,COMP-04,VEN-0108-D1,Marketing,6200,81.45,17.88,99.33,INR,2025-07-24,2025-09-22,Net 45,Paid,PO-328192,CTR-2068,USR-0018-D1,2025-07-24 19:36:06,whatsapp_bot,0.96,false,,
INV-00093-D1,COMP-02,VEN-0008-D1,Customer Success,6200,2146.51,471.19,2617.7,INR,2025-02-21,2025-03-23,Net 30,Paid,PO-375660,,USR-0041-D1,2025-02-21 10:16:16,portal_upload,0.89,true,,
INV-00094-D1,COMP-05,VEN-0005-D1,Finance,6400,12473.23,2738.03,15211.26,INR,2026-02-26,2026-04-27,Net 30,Paid,PO-637006,,USR-0067-D1,2026-02-26 15:04:39,scanned_document,0.94,false,,
INV-00095-D1,COMP-03,VEN-0011-D1,Finance,6100,11101.43,2436.9,13538.33,INR,2026-03-18,2026-04-02,Net 60,Paid,PO-301989,,USR-0058-D1,2026-03-18 19:31:40,portal_upload,0.89,true,,
INV-00096-D1,COMP-01,VEN-0007-D1,Marketing,6110,3821.59,838.88,4660.47,INR,2025-10-30,2025-12-14,Net 60,Overdue,PO-171447,,USR-0095-D1,2025-10-30 11:07:05,portal_upload,0.99,true,,
INV-00097-D1,COMP-05,VEN-0039-D1,Legal,6500,63504.81,13940.08,77444.89,INR,2026-01-28,2026-02-12,Net 60,Paid,PO-777645,CTR-4326,USR-0116-D1,2026-01-28 12:24:12,portal_upload,0.94,false,,
INV-00098-D1,COMP-05,VEN-0078-D1,R&D,6500,17444.70,3829.33,21274.03,INR,2025-06-02,2025-07-17,Net 15,Disputed,,,USR-0070-D1,2025-06-02 12:07:35,portal_upload,0.82,false,,
INV-00099-D1,COMP-04,VEN-0065-D1,Engineering,6900,16695.19,3664.8,20359.99,INR,2026-01-08,2026-02-07,Net 45,Overdue,PO-333258,,USR-0012-D1,2026-01-08 10:01:01,whatsapp_bot,0.92,false,,
INV-00100-D1,COMP-05,VEN-0015-D1,Marketing,6100,5497.56,1206.78,6704.34,INR,2025-08-09,2025-09-23,Net 15,Pending,PO-395318,,USR-0101-D1,2025-08-09 13:11:36,portal_upload,0.89,false,,
INV-00101-D1,COMP-04,VEN-0077-D1,Customer Success,6400,17883.28,0.0,17883.28,USD,2026-03-21,2026-05-20,Net 30,Paid,PO-674226,,USR-0075-D1,2026-03-21 18:51:13,email_upload,0.92,false,,
INV-00102-D1,COMP-04,VEN-0061-D1,R&D,6700,17164.64,3767.85,20932.49,INR,2025-02-14,2025-03-16,Net 60,Cancelled,PO-492799,CTR-3307,USR-0107-D1,2025-02-14 15:25:43,portal_upload,0.93,false,,
INV-00103-D1,COMP-02,VEN-0107-D1,Finance,6900,18075.38,3967.77,22043.15,INR,2025-10-02,2025-12-01,Net 60,Pending,PO-983686,CTR-2678,USR-0031-D1,2025-10-02 13:38:23,whatsapp_bot,0.83,false,,
INV-00104-D1,COMP-05,VEN-0039-D1,Marketing,6500,18749.25,4115.69,22864.94,INR,2026-02-09,2026-02-24,Net 45,Disputed,,CTR-2630,USR-0033-D1,2026-02-09 12:24:29,email_upload,0.96,false,,
INV-00105-D1,COMP-03,VEN-0081-D1,Customer Success,6200,1999.40,438.89,2438.29,INR,2026-05-12,2026-06-11,Net 45,Overdue,PO-462514,CTR-9207,USR-0055-D1,2026-05-12 11:57:34,portal_upload,0.88,true,,
INV-00106-D1,COMP-05,VEN-0058-D1,Legal,6900,9793.90,2149.88,11943.78,INR,2025-11-22,2025-12-07,Net 30,Pending,PO-816896,,USR-0081-D1,2025-11-22 11:51:07,whatsapp_bot,0.93,false,,
INV-00107-D1,COMP-04,VEN-0062-D1,IT,6500,43376.06,9521.57,52897.63,INR,2025-03-30,2025-05-29,Net 45,Paid,PO-349353,CTR-8064,USR-0115-D1,2025-03-30 11:49:03,scanned_document,0.86,false,,
INV-00108-D1,COMP-01,VEN-0110-D1,IT,6400,14117.33,3098.92,17216.25,INR,2026-05-17,2026-07-16,Net 60,Cancelled,PO-113140,CTR-2604,USR-0010-D1,2026-05-17 10:37:24,scanned_document,0.98,false,,
INV-00109-D1,COMP-05,VEN-0078-D1,IT,6500,55904.89,12271.81,68176.7,INR,2025-10-11,2025-10-26,Net 60,Overdue,PO-208526,,USR-0112-D1,2025-10-11 12:22:36,email_upload,0.86,false,,
INV-00110-D1,COMP-01,VEN-0071-D1,Customer Success,6200,2384.36,523.39,2907.75,INR,2026-05-05,2026-06-19,Net 30,Pending,PO-798605,,USR-0049-D1,2026-05-05 17:02:45,email_upload,0.8,false,,
INV-00111-D1,COMP-01,VEN-0104-D1,Marketing,6110,4084.43,0.0,4084.43,EUR,2026-06-13,2026-08-12,Net 15,Cancelled,PO-685659,,USR-0110-D1,2026-06-13 11:51:28,portal_upload,0.98,true,,
INV-00112-D1,COMP-04,VEN-0042-D1,Finance,6600,618.80,135.84,754.64,INR,2026-01-24,2026-02-23,Net 30,Disputed,PO-227714,,USR-0013-D1,2026-01-24 17:44:02,whatsapp_bot,0.96,false,,
INV-00113-D1,COMP-05,VEN-0099-D1,Legal,6300,26583.78,5835.46,32419.24,INR,2025-12-02,2026-01-01,Net 30,Disputed,PO-252326,,USR-0118-D1,2025-12-02 14:45:43,portal_upload,0.96,false,,
INV-00114-D1,COMP-02,VEN-0040-D1,Finance,6500,7918.75,1738.26,9657.01,INR,2025-10-16,2025-12-15,Net 60,Overdue,,CTR-5044,USR-0015-D1,2025-10-16 17:10:28,whatsapp_bot,0.87,false,,
INV-00115-D1,COMP-02,VEN-0069-D1,Finance,6200,1732.83,380.38,2113.21,INR,2025-05-11,2025-07-10,Net 60,Paid,PO-324552,,USR-0090-D1,2025-05-11 15:18:18,whatsapp_bot,0.88,false,,
INV-00116-D1,COMP-04,VEN-0009-D1,Customer Success,7000,19116.29,4196.26,23312.55,INR,2026-03-14,2026-04-28,Net 45,Pending,PO-905788,,USR-0087-D1,2026-03-14 15:06:14,whatsapp_bot,0.92,false,,
INV-00117-D1,COMP-03,VEN-0051-D1,Sales,6500,21321.08,4680.24,26001.32,INR,2026-06-12,2026-07-12,Net 60,Paid,PO-912427,,USR-0074-D1,2026-06-12 16:53:29,whatsapp_bot,0.98,false,,
INV-00118-D1,COMP-02,VEN-0048-D1,HR,6600,2895.44,635.58,3531.02,INR,2025-01-21,2025-03-22,Net 45,Cancelled,PO-197244,,USR-0038-D1,2025-01-21 12:44:51,whatsapp_bot,0.82,false,,
INV-00119-D1,COMP-01,VEN-0074-D1,IT,6100,7933.36,1741.47,9674.83,INR,2025-09-03,2025-11-02,Net 45,Paid,PO-138974,CTR-2289,USR-0045-D1,2025-09-03 15:20:31,whatsapp_bot,0.99,false,,
INV-00120-D1,COMP-02,VEN-0069-D1,Marketing,6200,143.94,31.6,175.54,INR,2025-03-09,2025-04-08,Net 15,Pending,PO-959785,CTR-8980,USR-0064-D1,2025-03-09 10:24:09,whatsapp_bot,0.94,false,,
INV-00121-D1,COMP-05,VEN-0024-D1,Sales,6400,13422.15,2946.32,16368.47,INR,2026-04-10,2026-05-25,Net 15,Overdue,PO-511802,,USR-0035-D1,2026-04-10 11:38:45,portal_upload,0.94,true,,
INV-00122-D1,COMP-05,VEN-0093-D1,Finance,7100,47805.84,10493.96,58299.8,INR,2026-05-05,2026-06-19,Net 30,Overdue,,,USR-0040-D1,2026-05-05 15:05:55,scanned_document,0.97,true,,
INV-00123-D1,COMP-04,VEN-0061-D1,Engineering,6700,17351.17,3808.79,21159.96,INR,2025-10-27,2025-11-26,Net 60,Pending,PO-987157,CTR-2571,USR-0021-D1,2025-10-27 16:51:46,whatsapp_bot,0.84,false,,
INV-00124-D1,COMP-01,VEN-0013-D1,Operations,6100,3403.05,747.01,4150.06,INR,2026-06-12,2026-08-11,Net 30,Paid,PO-811609,CTR-6259,USR-0105-D1,2026-06-12 16:57:18,portal_upload,0.93,false,,
INV-00125-D1,COMP-02,VEN-0037-D1,Engineering,6100,6508.13,1428.61,7936.74,INR,2025-10-06,2025-11-05,Net 45,Paid,PO-632843,,USR-0059-D1,2025-10-06 10:40:23,scanned_document,0.83,true,,
INV-00126-D1,COMP-05,VEN-0031-D1,HR,6500,58378.10,12814.7,71192.8,INR,2025-02-04,2025-03-06,Net 60,Overdue,PO-618206,CTR-6630,USR-0033-D1,2025-02-04 12:08:34,email_upload,0.87,false,,
INV-00127-D1,COMP-03,VEN-0045-D1,Marketing,6110,6181.46,1356.9,7538.36,INR,2026-06-10,2026-07-10,Net 60,Cancelled,PO-494282,CTR-6633,USR-0117-D1,2026-06-10 19:06:33,portal_upload,0.82,true,,
INV-00128-D1,COMP-01,VEN-0026-D1,HR,6500,36548.97,8022.95,44571.92,INR,2025-05-01,2025-06-30,Net 15,Overdue,,,USR-0010-D1,2025-05-01 12:38:48,portal_upload,0.98,true,,
INV-00129-D1,COMP-01,VEN-0104-D1,Legal,6100,6017.06,1320.82,7337.88,INR,2025-12-17,2026-01-31,Net 15,Overdue,PO-314171,,USR-0105-D1,2025-12-17 09:12:31,scanned_document,0.96,false,,
INV-00130-D1,COMP-02,VEN-0003-D1,R&D,6700,22789.69,5002.61,27792.3,INR,2026-03-26,2026-05-10,Net 30,Paid,PO-653860,CTR-5417,USR-0038-D1,2026-03-26 09:26:59,whatsapp_bot,0.81,true,,
INV-00131-D1,COMP-04,VEN-0090-D1,Engineering,6500,34006.40,7464.82,41471.22,INR,2025-04-17,2025-06-16,Net 45,Cancelled,PO-908580,CTR-4919,USR-0014-D1,2025-04-17 09:25:44,scanned_document,0.89,true,,
INV-00132-D1,COMP-01,VEN-0073-D1,Marketing,6900,18290.86,4015.07,22305.93,INR,2026-06-08,2026-07-08,Net 60,Cancelled,,,USR-0005-D1,2026-06-08 12:08:01,email_upload,0.84,true,,
INV-00133-D1,COMP-04,VEN-0100-D1,Legal,6300,8243.10,1809.46,10052.56,INR,2025-12-19,2026-01-18,Net 45,Overdue,PO-223006,,USR-0115-D1,2025-12-19 10:46:13,whatsapp_bot,0.94,false,,
INV-00134-D1,COMP-01,VEN-0019-D1,IT,6500,18348.46,4027.71,22376.17,INR,2025-11-01,2025-11-16,Net 15,Paid,PO-570706,,USR-0004-D1,2025-11-01 14:46:07,email_upload,0.83,true,,
INV-00135-D1,COMP-04,VEN-0106-D1,Legal,6300,19128.85,4199.02,23327.87,INR,2025-04-30,2025-05-30,Net 15,Paid,PO-839584,,USR-0080-D1,2025-04-30 14:07:22,whatsapp_bot,0.94,false,,
INV-00136-D1,COMP-03,VEN-0057-D1,Finance,6700,5988.89,1314.63,7303.52,INR,2025-11-29,2025-12-14,Net 45,Paid,PO-861947,,USR-0103-D1,2025-11-29 11:46:46,email_upload,0.98,false,,
INV-00137-D1,COMP-05,VEN-0058-D1,Sales,6900,6300.02,1382.93,7682.95,INR,2026-03-26,2026-04-25,Net 30,Disputed,PO-324077,,USR-0081-D1,2026-03-26 11:37:12,portal_upload,0.94,true,,
INV-00138-D1,COMP-01,VEN-0023-D1,R&D,6200,847.79,186.1,1033.89,INR,2025-07-31,2025-09-29,Net 45,Cancelled,PO-832555,CTR-8096,USR-0097-D1,2025-07-31 11:08:56,whatsapp_bot,0.96,false,,
INV-00139-D1,COMP-04,VEN-0106-D1,Operations,6300,23288.75,5112.17,28400.92,INR,2025-12-01,2025-12-31,Net 45,Cancelled,PO-830763,,USR-0008-D1,2025-12-01 13:50:22,email_upload,0.95,false,,
INV-00140-D1,COMP-01,VEN-0025-D1,HR,6100,6221.77,1365.76,7587.53,INR,2025-12-16,2026-02-14,Net 45,Paid,PO-516945,CTR-5464,USR-0105-D1,2025-12-16 13:16:54,portal_upload,0.92,false,,
INV-00141-D1,COMP-03,VEN-0011-D1,Customer Success,6100,4950.39,1086.67,6037.06,INR,2025-07-11,2025-09-09,Net 15,Paid,PO-760022,CTR-9418,USR-0032-D1,2025-07-11 13:15:40,portal_upload,0.98,false,,
INV-00142-D1,COMP-02,VEN-0101-D1,Sales,6110,1941.72,426.23,2367.95,INR,2025-10-29,2025-11-13,Net 60,Pending,PO-262836,CTR-5964,USR-0034-D1,2025-10-29 11:50:57,whatsapp_bot,0.9,true,,
INV-00143-D1,COMP-01,VEN-0073-D1,Operations,6900,12654.70,2777.86,15432.56,INR,2025-06-05,2025-07-20,Net 15,Paid,,CTR-5480,USR-0051-D1,2025-06-05 15:01:34,scanned_document,0.83,false,,
INV-00144-D1,COMP-02,VEN-0044-D1,Sales,6200,2276.07,499.62,2775.69,INR,2026-04-13,2026-06-12,Net 45,Pending,PO-638177,,USR-0096-D1,2026-04-13 09:21:19,email_upload,0.82,false,,
INV-00145-D1,COMP-05,VEN-0006-D1,Engineering,6400,13330.58,2926.22,16256.8,INR,2026-06-26,2026-08-10,Net 30,Pending,PO-664621,CTR-1174,USR-0070-D1,2026-06-26 17:11:26,email_upload,0.82,false,,
INV-00146-D1,COMP-02,VEN-0021-D1,R&D,6800,3529.56,774.78,4304.34,INR,2026-02-12,2026-04-13,Net 60,Overdue,PO-431315,,USR-0019-D1,2026-02-12 09:53:50,scanned_document,0.86,false,,
INV-00147-D1,COMP-04,VEN-0062-D1,IT,7100,33149.12,7276.64,40425.76,INR,2025-01-29,2025-03-30,Net 45,Paid,,,USR-0085-D1,2025-01-29 10:30:04,scanned_document,0.88,true,,
INV-00148-D1,COMP-05,VEN-0086-D1,HR,6900,19670.80,4317.98,23988.78,INR,2025-08-15,2025-09-14,Net 60,Paid,PO-115932,,USR-0037-D1,2025-08-15 09:25:17,scanned_document,0.9,false,,
INV-00149-D1,COMP-01,VEN-0110-D1,Legal,6400,14264.60,3131.25,17395.85,INR,2025-08-25,2025-10-09,Net 45,Paid,PO-710253,,USR-0056-D1,2025-08-25 18:38:07,email_upload,0.87,false,,
INV-00150-D1,COMP-03,VEN-0029-D1,R&D,6300,6986.53,0.0,6986.53,EUR,2026-01-18,2026-02-17,Net 45,Cancelled,PO-126788,,USR-0074-D1,2026-01-18 17:16:21,portal_upload,0.81,false,,
INV-00151-D1,COMP-03,VEN-0010-D1,R&D,6600,4619.04,1013.94,5632.98,INR,2025-12-23,2026-01-07,Net 60,Paid,PO-581104,,USR-0077-D1,2025-12-23 10:47:50,whatsapp_bot,0.89,true,,
INV-00152-D1,COMP-02,VEN-0044-D1,Sales,6200,1028.64,225.8,1254.44,INR,2025-10-31,2025-12-30,Net 45,Paid,PO-238263,CTR-8069,USR-0015-D1,2025-10-31 19:05:52,whatsapp_bot,0.82,false,,
INV-00153-D1,COMP-01,VEN-0030-D1,HR,6900,2394.95,525.72,2920.67,INR,2025-04-26,2025-06-10,Net 60,Paid,PO-593865,,USR-0029-D1,2025-04-26 16:59:10,scanned_document,0.93,false,,
INV-00154-D1,COMP-05,VEN-0064-D1,Sales,6400,15264.42,3350.73,18615.15,INR,2025-10-22,2025-11-06,Net 60,Disputed,PO-725037,,USR-0062-D1,2025-10-22 17:10:21,whatsapp_bot,0.92,false,,
INV-00155-D1,COMP-02,VEN-0040-D1,Marketing,6500,32116.16,7049.89,39166.05,INR,2026-04-19,2026-06-18,Net 45,Paid,PO-297050,,USR-0059-D1,2026-04-19 10:37:02,whatsapp_bot,0.81,false,,
INV-00156-D1,COMP-05,VEN-0005-D1,Operations,6400,467.97,102.73,570.7,INR,2025-04-22,2025-05-07,Net 30,Overdue,PO-559695,,USR-0118-D1,2025-04-22 15:33:53,email_upload,0.87,false,,
INV-00157-D1,COMP-05,VEN-0099-D1,R&D,6300,20070.58,4405.74,24476.32,INR,2025-10-22,2025-12-06,Net 15,Disputed,PO-563264,CTR-7380,USR-0081-D1,2025-10-22 09:04:49,scanned_document,0.95,true,,
INV-00158-D1,COMP-03,VEN-0051-D1,HR,6500,9338.56,2049.93,11388.49,INR,2025-11-29,2025-12-14,Net 30,Pending,PO-940487,CTR-6595,USR-0072-D1,2025-11-29 17:26:44,email_upload,0.91,true,,
INV-00159-D1,COMP-01,VEN-0053-D1,HR,6300,30940.22,6791.75,37731.97,INR,2025-08-26,2025-10-10,Net 60,Paid,PO-527951,CTR-2434,USR-0053-D1,2025-08-26 14:47:24,email_upload,0.98,false,,
INV-00160-D1,COMP-05,VEN-0093-D1,Sales,7100,68432.70,15021.81,83454.51,INR,2026-06-26,2026-07-26,Net 45,Pending,PO-255777,,USR-0020-D1,2026-06-26 15:25:15,scanned_document,0.92,false,,
INV-00161-D1,COMP-03,VEN-0010-D1,Marketing,6600,6512.49,1429.57,7942.06,INR,2025-05-15,2025-05-30,Net 60,Paid,PO-500744,CTR-6353,USR-0082-D1,2025-05-15 11:00:34,portal_upload,0.96,false,,
INV-00162-D1,COMP-04,VEN-0061-D1,Legal,6700,16441.71,3609.16,20050.87,INR,2026-05-11,2026-06-10,Net 15,Paid,PO-105459,,USR-0111-D1,2026-05-11 17:29:35,whatsapp_bot,0.86,false,,
INV-00163-D1,COMP-03,VEN-0057-D1,Finance,6700,3580.59,785.98,4366.57,INR,2026-01-26,2026-03-12,Net 30,Disputed,,,USR-0050-D1,2026-01-26 13:25:36,scanned_document,0.88,true,,
INV-00164-D1,COMP-02,VEN-0027-D1,HR,6300,10873.50,0.0,10873.5,USD,2026-02-05,2026-02-20,Net 15,Pending,,,USR-0113-D1,2026-02-05 14:41:42,email_upload,0.84,false,,
INV-00165-D1,COMP-01,VEN-0073-D1,IT,6900,11667.94,2561.25,14229.19,INR,2025-06-16,2025-07-01,Net 60,Cancelled,PO-560873,,USR-0102-D1,2025-06-16 12:13:10,scanned_document,0.97,false,,
INV-00166-D1,COMP-04,VEN-0065-D1,Engineering,6900,13539.35,2972.05,16511.4,INR,2025-06-17,2025-08-01,Net 60,Paid,,,USR-0039-D1,2025-06-17 16:30:04,portal_upload,0.83,false,,
INV-00167-D1,COMP-05,VEN-0078-D1,Engineering,6500,15718.26,3450.35,19168.61,INR,2025-07-31,2025-09-14,Net 45,Paid,PO-560556,,USR-0118-D1,2025-07-31 14:24:08,email_upload,0.91,false,,
INV-00168-D1,COMP-05,VEN-0054-D1,Legal,6900,6108.19,1340.82,7449.01,INR,2026-06-01,2026-07-16,Net 60,Paid,PO-384092,,USR-0081-D1,2026-06-01 17:57:14,email_upload,0.83,false,,
INV-00169-D1,COMP-02,VEN-0048-D1,Operations,6600,5613.02,1232.13,6845.15,INR,2026-05-24,2026-06-23,Net 60,Paid,PO-621506,CTR-4841,USR-0015-D1,2026-05-24 11:44:55,scanned_document,0.96,true,,
INV-00170-D1,COMP-04,VEN-0018-D1,Legal,6500,4840.52,1062.55,5903.07,INR,2025-08-03,2025-09-17,Net 30,Paid,PO-172278,,USR-0013-D1,2025-08-03 09:59:20,whatsapp_bot,0.84,true,,
INV-00171-D1,COMP-04,VEN-0059-D1,Finance,6600,3474.49,762.69,4237.18,INR,2025-07-05,2025-08-04,Net 30,Paid,PO-199606,CTR-2413,USR-0013-D1,2025-07-05 15:00:49,whatsapp_bot,0.81,true,,
INV-00172-D1,COMP-01,VEN-0013-D1,Engineering,6100,10158.78,2229.98,12388.76,INR,2025-05-09,2025-05-24,Net 45,Pending,,,USR-0005-D1,2025-05-09 16:53:20,scanned_document,0.86,true,,
INV-00173-D1,COMP-02,VEN-0016-D1,Legal,6500,62811.61,13787.91,76599.52,INR,2025-09-07,2025-11-06,Net 45,Paid,,,USR-0026-D1,2025-09-07 12:44:08,email_upload,0.83,false,,
INV-00174-D1,COMP-03,VEN-0072-D1,Customer Success,6600,5464.58,1199.54,6664.12,INR,2025-07-05,2025-08-04,Net 60,Pending,,,USR-0078-D1,2025-07-05 17:33:02,email_upload,0.84,false,,
INV-00175-D1,COMP-01,VEN-0060-D1,Customer Success,6110,4939.07,1084.18,6023.25,INR,2026-03-10,2026-04-09,Net 60,Paid,,,USR-0095-D1,2026-03-10 14:37:30,portal_upload,0.83,false,,
INV-00176-D1,COMP-03,VEN-0033-D1,Sales,6900,10656.91,2339.32,12996.23,INR,2026-06-30,2026-07-30,Net 15,Paid,PO-243166,,USR-0023-D1,2026-06-30 16:15:22,portal_upload,0.96,false,,
INV-00177-D1,COMP-02,VEN-0101-D1,Marketing,6110,8503.71,1866.67,10370.38,INR,2025-04-16,2025-05-01,Net 45,Paid,PO-777841,CTR-1877,USR-0096-D1,2025-04-16 13:54:02,scanned_document,0.91,false,,
INV-00178-D1,COMP-01,VEN-0012-D1,IT,6200,115.13,25.27,140.4,INR,2026-01-26,2026-02-10,Net 30,Pending,PO-645750,CTR-2434,USR-0100-D1,2026-01-26 17:02:02,email_upload,0.96,false,,
INV-00179-D1,COMP-04,VEN-0009-D1,R&D,6300,34946.71,7671.23,42617.94,INR,2026-03-28,2026-04-12,Net 60,Pending,PO-256511,,USR-0013-D1,2026-03-28 14:11:48,whatsapp_bot,0.97,false,,
INV-00180-D1,COMP-04,VEN-0059-D1,Customer Success,6600,1926.52,422.89,2349.41,INR,2026-03-07,2026-04-21,Net 45,Overdue,PO-481049,CTR-2555,USR-0009-D1,2026-03-07 12:10:10,portal_upload,0.93,true,,
INV-00181-D1,COMP-03,VEN-0017-D1,Operations,6400,4974.56,1091.98,6066.54,INR,2025-04-28,2025-06-27,Net 30,Pending,,CTR-2865,USR-0048-D1,2025-04-28 15:35:41,email_upload,0.87,true,,
INV-00182-D1,COMP-03,VEN-0033-D1,Engineering,6900,8660.67,1901.12,10561.79,INR,2026-01-06,2026-01-21,Net 60,Overdue,PO-671786,,USR-0047-D1,2026-01-06 18:43:17,email_upload,0.9,false,,
INV-00183-D1,COMP-01,VEN-0036-D1,Customer Success,6700,13053.74,2865.45,15919.19,INR,2025-04-17,2025-05-02,Net 15,Paid,PO-586173,,USR-0005-D1,2025-04-17 10:34:32,portal_upload,0.94,false,,
INV-00184-D1,COMP-02,VEN-0068-D1,Finance,6100,11054.01,2426.49,13480.5,INR,2025-12-01,2025-12-31,Net 30,Paid,PO-177904,CTR-9418,USR-0015-D1,2025-12-01 17:41:46,portal_upload,0.89,true,,
INV-00185-D1,COMP-01,VEN-0071-D1,Legal,6200,2481.93,0.0,2481.93,EUR,2025-07-02,2025-08-16,Net 30,Paid,PO-404798,,USR-0105-D1,2025-07-02 16:54:47,email_upload,0.89,false,,
INV-00186-D1,COMP-01,VEN-0019-D1,HR,6500,10997.95,2414.19,13412.14,INR,2026-06-03,2026-06-18,Net 15,Overdue,PO-244192,,USR-0084-D1,2026-06-03 15:02:03,whatsapp_bot,0.96,false,,
INV-00187-D1,COMP-01,VEN-0025-D1,Finance,6110,879.64,193.09,1072.73,INR,2026-01-09,2026-02-08,Net 45,Disputed,PO-662615,CTR-6800,USR-0102-D1,2026-01-09 13:58:27,scanned_document,0.9,true,,
INV-00188-D1,COMP-02,VEN-0107-D1,Sales,6900,9715.49,2132.67,11848.16,INR,2025-09-15,2025-09-30,Net 15,Overdue,PO-902693,,USR-0090-D1,2025-09-15 19:31:27,email_upload,0.92,false,,
INV-00189-D1,COMP-02,VEN-0048-D1,Operations,6600,2543.53,558.33,3101.86,INR,2026-06-10,2026-07-25,Net 30,Paid,PO-349334,CTR-7140,USR-0064-D1,2026-06-10 11:04:43,scanned_document,0.98,false,,
INV-00190-D1,COMP-01,VEN-0036-D1,HR,6700,4534.70,0.0,4534.7,USD,2026-03-15,2026-04-29,Net 60,Overdue,PO-319160,CTR-6005,USR-0069-D1,2026-03-15 19:17:02,portal_upload,0.96,true,,
INV-00191-D1,COMP-02,VEN-0066-D1,Marketing,6400,16085.49,3530.96,19616.45,INR,2026-05-24,2026-07-08,Net 15,Paid,PO-139149,CTR-4064,USR-0113-D1,2026-05-24 16:20:25,email_upload,0.88,false,,
INV-00192-D1,COMP-02,VEN-0107-D1,Sales,6900,4882.95,1071.87,5954.82,INR,2025-04-26,2025-06-25,Net 15,Pending,PO-999608,,USR-0028-D1,2025-04-26 09:26:50,scanned_document,0.99,true,,
INV-00193-D1,COMP-03,VEN-0051-D1,Finance,6500,58820.73,12911.87,71732.6,INR,2025-09-02,2025-10-17,Net 30,Pending,PO-961869,CTR-1219,USR-0078-D1,2025-09-02 09:07:09,scanned_document,0.8,false,,
INV-00194-D1,COMP-04,VEN-0076-D1,HR,6800,453.15,99.47,552.62,INR,2026-01-19,2026-03-20,Net 15,Overdue,PO-632215,,USR-0013-D1,2026-01-19 09:35:23,whatsapp_bot,0.82,false,,
INV-00195-D1,COMP-01,VEN-0104-D1,HR,6110,7459.26,0.0,7459.26,EUR,2026-04-26,2026-05-26,Net 60,Paid,PO-535092,,USR-0049-D1,2026-04-26 18:32:46,scanned_document,0.86,false,,
INV-00196-D1,COMP-05,VEN-0022-D1,HR,7000,38253.30,8397.07,46650.37,INR,2025-04-05,2025-05-05,Net 30,Paid,,,USR-0027-D1,2025-04-05 10:33:09,whatsapp_bot,0.85,false,,
INV-00197-D1,COMP-04,VEN-0083-D1,Customer Success,6600,892.02,0.0,892.02,EUR,2026-04-02,2026-05-17,Net 60,Pending,PO-654034,,USR-0009-D1,2026-04-02 18:11:58,whatsapp_bot,0.83,true,,
INV-00198-D1,COMP-04,VEN-0009-D1,Customer Success,6300,33405.00,7332.81,40737.81,INR,2025-09-28,2025-11-27,Net 30,Paid,PO-939215,CTR-1572,USR-0092-D1,2025-09-28 19:09:10,portal_upload,0.83,false,,
INV-00199-D1,COMP-02,VEN-0097-D1,Operations,6500,4646.95,1020.06,5667.01,INR,2025-05-07,2025-06-06,Net 30,Paid,PO-565154,CTR-6258,USR-0026-D1,2025-05-07 10:32:30,email_upload,0.94,false,,
INV-00200-D1,COMP-05,VEN-0043-D1,Customer Success,6500,3189.66,700.17,3889.83,INR,2025-03-11,2025-04-25,Net 30,Pending,PO-632356,CTR-1261,USR-0116-D1,2025-03-11 14:05:23,scanned_document,0.87,false,,
INV-00201-D1,COMP-05,VEN-0001-D1,Legal,6600,3454.27,758.26,4212.53,INR,2025-03-16,2025-04-15,Net 45,Paid,PO-269343,,USR-0002-D1,2025-03-16 18:44:16,portal_upload,0.84,false,,
INV-00202-D1,COMP-04,VEN-0061-D1,Operations,6700,15736.34,0.0,15736.34,EUR,2026-04-02,2026-04-17,Net 30,Paid,PO-845949,,USR-0036-D1,2026-04-02 16:56:08,email_upload,0.82,false,,
INV-00203-D1,COMP-02,VEN-0109-D1,Sales,6600,5575.61,1223.91,6799.52,INR,2025-10-10,2025-10-25,Net 45,Pending,PO-565223,,USR-0026-D1,2025-10-10 18:11:42,portal_upload,0.86,false,,
INV-00204-D1,COMP-02,VEN-0066-D1,IT,6400,6251.05,1372.18,7623.23,INR,2026-04-07,2026-05-22,Net 15,Pending,PO-533460,,USR-0038-D1,2026-04-07 10:05:00,whatsapp_bot,0.82,false,,
INV-00205-D1,COMP-03,VEN-0089-D1,Finance,6600,1621.73,355.99,1977.72,INR,2025-11-29,2026-01-28,Net 45,Pending,PO-183958,,USR-0077-D1,2025-11-29 11:05:15,scanned_document,0.8,true,,
INV-00206-D1,COMP-04,VEN-0085-D1,IT,6400,14028.50,3079.43,17107.93,INR,2025-05-03,2025-06-02,Net 60,Pending,PO-402336,,USR-0012-D1,2025-05-03 18:32:54,portal_upload,0.91,false,,
INV-00207-D1,COMP-02,VEN-0091-D1,Finance,6400,511.48,112.28,623.76,INR,2025-11-24,2026-01-08,Net 15,Paid,PO-116034,CTR-2690,USR-0096-D1,2025-11-24 10:54:15,whatsapp_bot,0.91,false,,
INV-00208-D1,COMP-04,VEN-0108-D1,HR,6200,1615.60,354.64,1970.24,INR,2025-11-04,2025-11-19,Net 45,Overdue,PO-482209,,USR-0080-D1,2025-11-04 10:30:02,email_upload,0.84,false,,
INV-00209-D1,COMP-02,VEN-0008-D1,Finance,6200,2184.47,479.52,2663.99,INR,2026-06-12,2026-07-12,Net 30,Pending,PO-377819,,USR-0060-D1,2026-06-12 16:47:48,whatsapp_bot,0.85,false,,
INV-00210-D1,COMP-05,VEN-0001-D1,R&D,6600,218.23,47.9,266.13,INR,2025-02-14,2025-04-15,Net 30,Paid,PO-325552,,USR-0057-D1,2025-02-14 13:26:20,whatsapp_bot,0.89,true,,
INV-00211-D1,COMP-03,VEN-0057-D1,Finance,6700,9433.34,2070.73,11504.07,INR,2026-03-01,2026-04-30,Net 60,Disputed,PO-107242,CTR-6213,USR-0120-D1,2026-03-01 14:11:57,whatsapp_bot,0.81,false,,
INV-00212-D1,COMP-04,VEN-0004-D1,HR,6800,3111.94,683.11,3795.05,INR,2025-10-28,2025-12-12,Net 15,Paid,PO-785017,,USR-0080-D1,2025-10-28 15:09:00,email_upload,0.8,true,,
INV-00213-D1,COMP-03,VEN-0010-D1,Engineering,6600,5596.07,1228.4,6824.47,INR,2025-03-25,2025-04-24,Net 45,Paid,PO-191833,CTR-1027,USR-0024-D1,2025-03-25 11:02:58,whatsapp_bot,0.85,false,,
INV-00214-D1,COMP-03,VEN-0049-D1,Operations,6700,17201.94,3776.04,20977.98,INR,2025-04-28,2025-05-28,Net 45,Paid,PO-266386,,USR-0016-D1,2025-04-28 09:37:29,email_upload,0.95,false,,
INV-00215-D1,COMP-05,VEN-0067-D1,Sales,6300,27263.85,5984.75,33248.6,INR,2026-06-13,2026-08-12,Net 60,Overdue,PO-533985,CTR-9417,USR-0037-D1,2026-06-13 16:02:12,email_upload,0.84,false,,
INV-00216-D1,COMP-05,VEN-0022-D1,Customer Success,6300,21228.43,4659.9,25888.33,INR,2025-04-05,2025-05-20,Net 30,Overdue,PO-418905,,USR-0017-D1,2025-04-05 09:36:11,whatsapp_bot,0.93,false,,
INV-00217-D1,COMP-04,VEN-0100-D1,Engineering,6300,2161.41,474.46,2635.87,INR,2025-11-21,2025-12-06,Net 30,Paid,PO-634417,,USR-0014-D1,2025-11-21 19:05:55,portal_upload,0.91,false,,
INV-00218-D1,COMP-01,VEN-0095-D1,Engineering,6110,1349.88,296.31,1646.19,INR,2025-03-04,2025-03-19,Net 15,Paid,PO-439494,CTR-8841,USR-0046-D1,2025-03-04 11:07:19,email_upload,0.9,true,,
INV-00219-D1,COMP-05,VEN-0031-D1,R&D,6500,34612.85,7597.94,42210.79,INR,2025-09-16,2025-10-01,Net 60,Pending,PO-679215,,USR-0017-D1,2025-09-16 13:45:27,email_upload,0.87,false,,
INV-00220-D1,COMP-02,VEN-0003-D1,Customer Success,6700,5398.58,1185.06,6583.64,INR,2025-06-29,2025-08-13,Net 15,Paid,PO-196155,CTR-6359,USR-0068-D1,2025-06-29 10:01:56,email_upload,0.82,false,,
INV-00221-D1,COMP-02,VEN-0028-D1,Operations,7100,18627.44,4088.95,22716.39,INR,2025-12-08,2026-02-06,Net 60,Disputed,PO-697729,CTR-6107,USR-0090-D1,2025-12-08 16:39:07,scanned_document,0.85,true,,
INV-00222-D1,COMP-05,VEN-0054-D1,R&D,6900,3377.52,741.41,4118.93,INR,2026-06-24,2026-08-08,Net 15,Paid,PO-476172,,USR-0067-D1,2026-06-24 17:09:33,scanned_document,0.84,false,,
INV-00223-D1,COMP-01,VEN-0092-D1,Sales,6500,56230.00,12343.17,68573.17,INR,2026-01-06,2026-01-21,Net 15,Overdue,PO-767861,,USR-0065-D1,2026-01-06 13:14:37,email_upload,0.86,false,,
INV-00224-D1,COMP-04,VEN-0108-D1,Marketing,6200,1053.52,231.26,1284.78,INR,2025-01-14,2025-03-15,Net 60,Paid,PO-683174,CTR-8818,USR-0018-D1,2025-01-14 19:38:59,portal_upload,0.89,true,,
INV-00225-D1,COMP-02,VEN-0003-D1,HR,6700,2910.56,638.9,3549.46,INR,2025-12-01,2025-12-16,Net 30,Paid,PO-945159,,USR-0028-D1,2025-12-01 18:56:49,scanned_document,0.95,false,,
INV-00226-D1,COMP-02,VEN-0020-D1,Legal,6800,1112.71,0.0,1112.71,EUR,2025-09-18,2025-10-18,Net 30,Paid,PO-307779,,USR-0028-D1,2025-09-18 16:38:33,email_upload,0.9,false,,
INV-00227-D1,COMP-02,VEN-0075-D1,Customer Success,6700,12557.32,2756.49,15313.81,INR,2025-12-13,2026-01-27,Net 30,Paid,PO-163371,CTR-5749,USR-0114-D1,2025-12-13 14:04:34,whatsapp_bot,0.93,false,,
INV-00228-D1,COMP-02,VEN-0091-D1,IT,6400,3959.28,869.11,4828.39,INR,2025-12-11,2025-12-26,Net 30,Disputed,PO-311142,,USR-0026-D1,2025-12-11 13:49:45,whatsapp_bot,0.8,false,,
INV-00229-D1,COMP-02,VEN-0068-D1,R&D,6110,3909.65,858.21,4767.86,INR,2025-03-03,2025-03-18,Net 15,Paid,PO-119210,,USR-0096-D1,2025-03-03 16:01:09,whatsapp_bot,0.85,true,,
INV-00230-D1,COMP-04,VEN-0106-D1,Marketing,7000,14218.42,3121.12,17339.54,INR,2026-03-02,2026-05-01,Net 45,Paid,,,USR-0071-D1,2026-03-02 12:50:40,portal_upload,0.9,false,,
INV-00231-D1,COMP-02,VEN-0068-D1,Legal,6110,4947.48,1086.03,6033.51,INR,2025-10-04,2025-11-18,Net 15,Paid,PO-341620,CTR-4364,USR-0043-D1,2025-10-04 18:41:30,scanned_document,0.9,false,,
INV-00232-D1,COMP-02,VEN-0068-D1,Legal,6100,4966.09,1090.12,6056.21,INR,2025-10-07,2025-11-06,Net 60,Overdue,PO-841130,,USR-0015-D1,2025-10-07 18:42:05,scanned_document,0.89,false,,
INV-00233-D1,COMP-05,VEN-0058-D1,Customer Success,6900,9543.91,2095.0,11638.91,INR,2026-05-25,2026-07-09,Net 45,Paid,PO-157102,,USR-0006-D1,2026-05-25 16:44:13,portal_upload,0.86,false,,
INV-00234-D1,COMP-05,VEN-0058-D1,Customer Success,6900,9481.10,2081.22,11562.32,INR,2026-05-27,2026-07-11,Net 60,Pending,PO-120019,,USR-0033-D1,2026-05-27 17:56:04,whatsapp_bot,0.82,false,,
INV-00235-D1,COMP-04,VEN-0061-D1,Customer Success,6700,5394.18,0.0,5394.18,EUR,2025-01-22,2025-03-08,Net 15,Paid,PO-143700,CTR-2535,USR-0071-D1,2025-01-22 11:09:57,portal_upload,0.94,true,,
INV-00236-D1,COMP-04,VEN-0061-D1,Customer Success,6700,4467.15,980.59,5447.74,INR,2025-01-24,2025-03-25,Net 30,Pending,PO-199645,CTR-9632,USR-0014-D1,2025-01-24 11:53:30,portal_upload,0.88,false,,
INV-00237-D1,COMP-02,VEN-0091-D1,Finance,6400,13020.95,2858.26,15879.21,INR,2025-01-09,2025-02-23,Net 60,Pending,PO-822019,CTR-4447,USR-0090-D1,2025-01-09 10:09:53,scanned_document,0.89,false,,
INV-00238-D1,COMP-02,VEN-0091-D1,Finance,6400,13132.52,2882.75,16015.27,INR,2025-01-10,2025-02-09,Net 60,Cancelled,PO-541624,,USR-0038-D1,2025-01-10 15:46:02,whatsapp_bot,0.92,true,,
INV-00239-D1,COMP-03,VEN-0049-D1,Customer Success,6700,15025.75,3298.34,18324.09,INR,2025-12-01,2026-01-15,Net 15,Pending,PO-617566,,USR-0001-D1,2025-12-01 12:23:53,email_upload,0.91,false,,
INV-00240-D1,COMP-03,VEN-0049-D1,Customer Success,6700,15009.78,3294.83,18304.61,INR,2025-12-02,2026-01-16,Net 60,Overdue,PO-531987,,USR-0079-D1,2025-12-02 13:23:58,whatsapp_bot,0.84,false,,
INV-00241-D1,COMP-02,VEN-0097-D1,Finance,6500,58935.77,12937.12,71872.89,INR,2025-10-15,2025-11-14,Net 15,Paid,PO-876007,,USR-0060-D1,2025-10-15 09:20:46,whatsapp_bot,0.99,false,,
INV-00242-D1,COMP-02,VEN-0097-D1,Finance,7100,59154.39,12985.11,72139.5,INR,2025-10-18,2025-12-17,Net 30,Paid,PO-348394,,USR-0034-D1,2025-10-18 15:39:36,email_upload,0.97,false,,
INV-00243-D1,COMP-05,VEN-0039-D1,Operations,6500,21915.77,4810.78,26726.55,INR,2025-06-26,2025-08-25,Net 30,Paid,PO-925416,,USR-0081-D1,2025-06-26 14:04:40,email_upload,0.93,true,,
INV-00244-D1,COMP-05,VEN-0039-D1,Operations,6500,22009.16,4831.28,26840.44,INR,2025-06-27,2025-08-11,Net 45,Disputed,PO-768403,CTR-8096,USR-0037-D1,2025-06-27 09:58:59,scanned_document,0.89,false,,
INV-00245-D1,COMP-04,VEN-0083-D1,HR,6600,1695.39,372.16,2067.55,INR,2025-08-15,2025-10-14,Net 60,Paid,PO-987412,CTR-7460,USR-0021-D1,2025-08-15 13:59:21,scanned_document,0.97,false,,
INV-00246-D1,COMP-04,VEN-0083-D1,HR,6600,1684.84,369.84,2054.68,INR,2025-08-18,2025-10-17,Net 15,Overdue,PO-363088,CTR-2623,USR-0075-D1,2025-08-18 16:47:57,whatsapp_bot,0.85,false,,
INV-00247-D1,COMP-05,VEN-0105-D1,Operations,6600,3028.60,664.81,3693.41,INR,2025-02-23,2025-03-10,Net 15,Paid,PO-996454,CTR-3683,USR-0118-D1,2025-02-23 12:28:52,email_upload,0.82,false,,
INV-00248-D1,COMP-05,VEN-0105-D1,Operations,6600,3020.45,663.02,3683.47,INR,2025-02-24,2025-03-11,Net 60,Paid,PO-220920,,USR-0006-D1,2025-02-24 15:10:29,portal_upload,0.94,false,,
INV-00249-D1,COMP-05,VEN-0005-D1,R&D,6400,8150.73,1789.18,9939.91,INR,2025-05-16,2025-07-15,Net 60,Paid,PO-247393,,USR-0033-D1,2025-05-16 10:02:16,whatsapp_bot,0.98,true,,
INV-00250-D1,COMP-05,VEN-0005-D1,R&D,6400,8171.84,1793.82,9965.66,INR,2025-05-18,2025-06-02,Net 15,Pending,PO-974677,,USR-0011-D1,2025-05-18 11:38:03,portal_upload,0.95,true,,
INV-00251-D1,COMP-01,VEN-0025-D1,Marketing,6110,200000.00,0.0,200000.0,EUR,2025-03-11,2025-04-25,Net 45,Pending,PO-321885,CTR-5914,USR-0095-D1,2025-03-11 10:20:54,scanned_document,0.99,false,,
INV-00252-D1,COMP-03,VEN-0017-D1,R&D,6400,246000.00,54000.0,300000.0,INR,2025-04-07,2025-05-22,Net 45,Paid,PO-750113,,USR-0079-D1,2025-04-07 19:05:19,scanned_document,0.85,false,,
INV-00253-D1,COMP-04,VEN-0084-D1,IT,6200,41000.00,9000.0,50000.0,INR,2025-06-04,2025-07-19,Net 15,Paid,PO-883909,,USR-0111-D1,2025-06-04 09:52:25,email_upload,0.81,false,,
INV-00254-D1,COMP-04,VEN-0090-D1,Marketing,6500,205000.00,45000.0,250000.0,INR,2026-01-17,2026-03-18,Net 15,Overdue,PO-247850,CTR-9640,USR-0021-D1,2026-01-17 14:04:10,portal_upload,0.9,false,,
INV-00255-D1,COMP-04,VEN-0080-D1,Legal,6700,164000.00,36000.0,200000.0,INR,2025-09-07,2025-10-22,Net 60,Paid,PO-550995,CTR-2331,USR-0076-D1,2025-09-07 09:37:30,scanned_document,0.99,false,,
INV-00256-D1,COMP-04,VEN-0076-D1,Sales,6800,246000.00,54000.0,300000.0,INR,2026-05-15,2026-06-14,Net 45,Paid,PO-389208,,USR-0071-D1,2026-05-15 09:39:03,portal_upload,0.88,false,,
INV-00257-D1,COMP-05,VEN-0079-D1,Engineering,6300,123000.00,27000.0,150000.0,INR,2026-04-18,2026-05-03,Net 15,Pending,PO-541474,CTR-3457,USR-0116-D1,2026-04-18 10:55:38,scanned_document,0.94,false,,
INV-00258-D1,COMP-04,VEN-0076-D1,Operations,6800,164000.00,36000.0,200000.0,INR,2025-05-15,2025-06-14,Net 60,Paid,PO-284936,CTR-1347,USR-0119-D1,2025-05-15 17:54:09,scanned_document,0.86,true,,
INV-00259-D1,COMP-03,VEN-0049-D1,Finance,6700,246000.00,54000.0,300000.0,INR,2026-05-12,2026-05-27,Net 60,Cancelled,PO-899668,,USR-0025-D1,2026-05-12 12:25:22,portal_upload,0.87,false,,
INV-00260-D1,COMP-05,VEN-0105-D1,Marketing,6600,164000.00,36000.0,200000.0,INR,2025-03-24,2025-04-23,Net 60,Overdue,PO-157050,CTR-3965,USR-0035-D1,2025-03-24 12:27:13,whatsapp_bot,0.83,false,,
INV-00261-D1,COMP-03,VEN-0045-D1,Customer Success,6110,41000.00,9000.0,50000.0,INR,2025-08-26,2025-10-25,Net 30,Pending,PO-263454,,USR-0055-D1,2025-08-26 09:23:07,email_upload,0.81,false,,
INV-00262-D1,COMP-04,VEN-0042-D1,Customer Success,6600,246000.00,54000.0,300000.0,INR,2025-09-02,2025-10-17,Net 15,Paid,PO-787070,CTR-4061,USR-0071-D1,2025-09-02 14:42:44,email_upload,0.89,false,,
INV-00263-D1,COMP-03,VEN-0057-D1,Legal,6700,70862.19,15555.12,86417.31,INR,2025-08-21,2025-09-05,Net 15,Overdue,PO-659754,,USR-0108-D1,2025-08-21 16:19:56,portal_upload,0.9,false,,
INV-00264-D1,COMP-03,VEN-0057-D1,Sales,6700,54950.85,12062.38,67013.23,INR,2025-03-24,2025-04-08,Net 45,Cancelled,PO-482161,CTR-7156,USR-0024-D1,2025-03-24 10:14:00,portal_upload,0.94,false,,
INV-00265-D1,COMP-04,VEN-0009-D1,HR,7000,86845.69,19063.69,105909.38,INR,2025-10-17,2025-12-16,Net 15,Overdue,PO-233828,,USR-0071-D1,2025-10-17 19:06:02,scanned_document,0.93,true,,
INV-00266-D1,COMP-01,VEN-0060-D1,R&D,6100,26034.21,5714.83,31749.04,INR,2026-01-12,2026-02-11,Net 30,Paid,PO-633619,,USR-0010-D1,2026-01-12 16:17:58,portal_upload,0.98,false,,
INV-00267-D1,COMP-02,VEN-0068-D1,Finance,6110,31830.69,0.0,31830.69,USD,2026-06-01,2026-06-16,Net 60,Overdue,PO-526045,,USR-0059-D1,2026-06-01 09:24:21,portal_upload,0.93,false,,
INV-00268-D1,COMP-03,VEN-0033-D1,IT,6900,50434.26,11070.94,61505.2,INR,2025-12-29,2026-02-12,Net 15,Pending,,,USR-0078-D1,2025-12-29 15:26:00,scanned_document,0.8,false,,
INV-00269-D1,COMP-01,VEN-0012-D1,Operations,6200,6541.12,1435.85,7976.97,INR,2026-03-22,2026-05-06,Net 60,Paid,PO-881006,CTR-2354,USR-0005-D1,2026-03-22 09:43:51,email_upload,0.89,true,,
INV-00270-D1,COMP-05,VEN-0064-D1,Legal,6400,39891.66,8756.7,48648.36,INR,2025-03-27,2025-05-26,Net 30,Pending,PO-584995,,USR-0002-D1,2025-03-27 09:11:25,scanned_document,0.82,false,,
INV-00271-D1,COMP-05,VEN-0093-D1,Marketing,6500,194241.27,42638.33,236879.6,INR,2025-02-06,2025-03-23,Net 60,Disputed,PO-275322,CTR-3480,USR-0070-D1,2025-02-06 11:55:46,scanned_document,0.93,false,,
INV-00272-D1,COMP-03,VEN-0057-D1,Marketing,6700,45764.22,10045.81,55810.03,INR,2025-03-11,2025-04-10,Net 15,Paid,,,USR-0073-D1,2025-03-11 10:37:40,email_upload,0.94,false,,
INV-00273-D1,COMP-03,VEN-0049-D1,Engineering,6700,203230.80,44611.64,247842.44,INR,2025-05-24,2025-07-08,Net 45,Cancelled,PO-282207,,USR-0058-D1,2025-05-24 15:33:09,portal_upload,0.89,false,,
INV-00274-D1,COMP-03,VEN-0049-D1,Engineering,6700,239050.89,52474.58,291525.47,INR,2025-05-24,2025-06-23,Net 30,Paid,PO-126997,CTR-7452,USR-0074-D1,2025-05-24 14:59:18,whatsapp_bot,0.93,false,,
INV-00275-D1,COMP-05,VEN-0067-D1,Legal,7000,199234.37,43734.38,242968.75,INR,2025-05-15,2025-05-30,Net 30,Paid,PO-239943,CTR-6956,USR-0116-D1,2025-05-15 17:02:41,scanned_document,0.92,false,,
INV-00276-D1,COMP-05,VEN-0067-D1,Legal,7000,230003.17,50488.5,280491.67,INR,2025-05-15,2025-05-30,Net 15,Overdue,PO-297292,,USR-0027-D1,2025-05-15 16:32:27,scanned_document,0.88,false,,
INV-00277-D1,COMP-01,VEN-0098-D1,HR,6200,202183.16,44381.67,246564.83,INR,2025-09-18,2025-11-02,Net 15,Pending,PO-728206,CTR-6714,USR-0045-D1,2025-09-18 09:01:53,whatsapp_bot,0.85,false,,
INV-00278-D1,COMP-01,VEN-0098-D1,HR,6200,237507.62,52135.82,289643.44,INR,2025-09-18,2025-10-18,Net 30,Paid,PO-801148,,USR-0063-D1,2025-09-18 17:35:10,whatsapp_bot,0.89,true,,
INV-00279-D1,COMP-03,VEN-0057-D1,Sales,6700,198745.68,43627.1,242372.78,INR,2025-10-22,2025-11-06,Net 45,Paid,PO-519765,,USR-0082-D1,2025-10-22 12:26:45,email_upload,0.89,true,,
INV-00280-D1,COMP-03,VEN-0057-D1,Sales,6700,289592.47,0.0,289592.47,USD,2025-10-22,2025-11-21,Net 60,Paid,PO-128428,,USR-0050-D1,2025-10-22 17:33:23,scanned_document,0.84,false,,
INV-00281-D1,COMP-01,VEN-0041-D1,Legal,6900,197041.06,43252.91,240293.97,INR,2026-01-15,2026-03-01,Net 30,Paid,PO-260003,CTR-9985,USR-0045-D1,2026-01-15 10:48:26,portal_upload,0.81,false,,
INV-00282-D1,COMP-01,VEN-0041-D1,Legal,6900,222213.96,48778.68,270992.64,INR,2026-01-15,2026-03-01,Net 45,Paid,PO-676809,,USR-0110-D1,2026-01-15 17:01:32,portal_upload,0.82,false,,
INV-00283-D1,COMP-01,VEN-0035-D1,Legal,6600,202114.95,44366.7,246481.65,INR,2025-09-11,2025-09-26,Net 60,Paid,PO-708636,,USR-0005-D1,2025-09-11 18:41:14,email_upload,0.81,false,,
INV-00284-D1,COMP-01,VEN-0035-D1,Legal,6600,226308.53,49677.48,275986.01,INR,2025-09-11,2025-09-26,Net 45,Paid,PO-967813,,USR-0029-D1,2025-09-11 18:59:38,whatsapp_bot,0.85,false,,
INV-00285-D1,COMP-04,VEN-0080-D1,R&D,6700,203137.30,44591.11,247728.41,INR,2026-03-01,2026-03-16,Net 60,Paid,PO-693540,CTR-7214,USR-0080-D1,2026-03-01 18:12:43,whatsapp_bot,0.86,false,,
INV-00286-D1,COMP-04,VEN-0080-D1,R&D,6700,220804.70,48469.32,269274.02,INR,2026-03-01,2026-04-30,Net 30,Pending,PO-695052,,USR-0054-D1,2026-03-01 14:18:37,scanned_document,0.87,false,,
INV-00287-D1,COMP-01,VEN-0012-D1,Customer Success,6200,199566.59,43807.3,243373.89,INR,2026-06-26,2026-07-11,Net 15,Paid,PO-191655,,USR-0053-D1,2026-06-26 14:52:17,scanned_document,0.94,false,,
INV-00288-D1,COMP-01,VEN-0012-D1,Customer Success,6200,232177.42,50965.78,283143.2,INR,2026-06-26,2026-08-10,Net 60,Paid,PO-909083,CTR-5426,USR-0110-D1,2026-06-26 18:57:07,scanned_document,0.92,false,,
INV-00289-D1,COMP-02,VEN-0109-D1,Operations,6600,13581.08,2981.21,16562.29,INR,2024-03-04,2024-04-18,Net 45,Paid,PO-402363,,USR-0044-D1,2024-03-04 10:38:53,scanned_document,0.98,true,,
INV-00290-D1,COMP-01,VEN-0074-D1,Customer Success,6100,28345.69,6222.23,34567.92,INR,2024-07-04,2024-07-19,Net 60,Paid,PO-748895,,USR-0045-D1,2024-07-04 15:01:12,scanned_document,0.8,false,,
INV-00291-D1,COMP-04,VEN-0062-D1,Finance,7100,138652.68,30435.96,169088.64,INR,2025-03-04,2025-04-18,Net 30,Paid,PO-910550,,USR-0111-D1,2025-03-04 15:50:56,portal_upload,0.9,false,,
INV-00292-D1,COMP-01,VEN-0071-D1,Engineering,6200,4715.07,0.0,4715.07,EUR,2024-11-24,2024-12-24,Net 15,Paid,PO-536753,CTR-4489,USR-0100-D1,2024-11-24 13:19:04,scanned_document,0.95,false,,
INV-00293-D1,COMP-01,VEN-0013-D1,HR,6110,29797.74,6540.97,36338.71,INR,2025-05-29,2025-07-28,Net 30,Paid,PO-751811,,USR-0063-D1,2025-05-29 09:27:50,portal_upload,0.82,false,,
INV-00294-D1,COMP-01,VEN-0030-D1,R&D,6900,37462.32,8223.43,45685.75,INR,2025-07-30,2025-09-13,Net 15,Pending,,,USR-0010-D1,2025-07-30 11:57:10,scanned_document,0.85,false,,
INV-00295-D1,COMP-04,VEN-0038-D1,Customer Success,6500,100018.35,21955.25,121973.6,INR,2024-09-24,2024-11-08,Net 60,Overdue,PO-195319,,USR-0119-D1,2024-09-24 19:31:27,email_upload,0.92,false,,
INV-00296-D1,COMP-02,VEN-0075-D1,IT,6700,44193.65,9701.05,53894.7,INR,2024-09-13,2024-11-12,Net 30,Paid,PO-701584,,USR-0019-D1,2024-09-13 11:16:50,whatsapp_bot,0.82,false,,
INV-00297-D1,COMP-02,VEN-0068-D1,Customer Success,6100,5080.41,1115.21,6195.62,INR,2025-03-29,2025-05-28,Net 15,Overdue,PO-375356,,USR-0099-D1,2025-03-29 02:17:14,whatsapp_bot,0.87,true,,
INV-00298-D1,COMP-01,VEN-0023-D1,Operations,6200,742.05,0.0,742.05,USD,2026-03-03,2026-03-18,Net 45,Paid,PO-777878,,USR-0049-D1,2026-03-03 04:13:22,whatsapp_bot,0.86,false,,
INV-00299-D1,COMP-04,VEN-0065-D1,R&D,6900,18650.01,4093.91,22743.92,INR,2026-03-18,2026-05-02,Net 30,Pending,PO-272040,,USR-0054-D1,2026-03-18 00:58:17,email_upload,0.84,false,,
INV-00300-D1,COMP-05,VEN-0055-D1,Customer Success,7000,32419.03,7116.37,39535.4,INR,2025-07-04,2025-09-02,Net 45,Disputed,,,USR-0062-D1,2025-07-04 04:12:13,email_upload,0.81,false,,
INV-00301-D1,COMP-01,VEN-0104-D1,HR,6110,11900.53,2612.31,14512.84,INR,2025-02-10,2025-02-25,Net 45,Disputed,PO-886382,,USR-0105-D1,2025-02-10 01:51:28,scanned_document,0.94,false,,
INV-00302-D1,COMP-04,VEN-0059-D1,R&D,6600,3130.94,687.28,3818.22,INR,2025-10-20,2025-11-04,Net 45,Cancelled,PO-629333,,USR-0039-D1,2025-10-20 01:19:47,whatsapp_bot,0.88,false,,
INV-00303-D1,COMP-04,VEN-0096-D1,Finance,6900,15657.05,3436.91,19093.96,INR,2026-01-20,2026-02-19,Net 60,Pending,PO-917377,CTR-4091,USR-0071-D1,2026-01-20 04:10:15,email_upload,0.9,false,,
INV-00304-D1,COMP-02,VEN-0037-D1,Sales,6100,4122.08,904.85,5026.93,INR,2025-04-18,2025-06-17,Net 30,Paid,PO-734712,,USR-0060-D1,2025-04-18 04:24:43,portal_upload,0.88,false,,
INV-00305-D1,COMP-02,VEN-0101-D1,Customer Success,6110,5219.96,1145.84,6365.8,INR,2026-01-27,2026-02-26,Net 45,Disputed,PO-760463,,USR-0099-D1,2026-01-27 04:05:28,scanned_document,0.83,false,,
INV-00306-D1,COMP-04,VEN-0062-D1,Customer Success,7100,36944.80,8109.83,45054.63,INR,2025-08-08,2025-10-07,Net 60,Paid,PO-357242,CTR-9796,USR-0107-D1,2025-08-08 01:00:46,email_upload,0.85,false,,
INV-00307-D1,COMP-03,VEN-0051-D1,Operations,6500,5080.92,1115.32,6196.24,INR,2025-03-31,2025-04-30,Net 30,Pending,PO-922381,,USR-0109-D1,2025-03-31 00:55:19,email_upload,0.91,true,,
INV-00308-D1,COMP-05,VEN-0067-D1,Customer Success,7000,34675.14,7611.62,42286.76,INR,2025-12-04,2025-12-19,Net 45,Paid,PO-251256,,USR-0057-D1,2025-12-04 04:53:09,email_upload,0.9,false,,
INV-00309-D1,COMP-02,VEN-0016-D1,Legal,6500,64949.75,14257.26,79207.01,INR,2025-03-15,2025-04-14,Net 45,Paid,PO-654209,CTR-8372,USR-0043-D1,2025-03-15 03:50:27,whatsapp_bot,0.88,false,,
INV-00310-D1,COMP-05,VEN-0022-D1,Marketing,7000,11286.55,2477.54,13764.09,INR,2025-10-20,2025-12-04,Net 45,Paid,PO-448621,CTR-8282,USR-0027-D1,2025-10-20 04:37:17,email_upload,0.84,false,,
INV-00311-D1,COMP-04,VEN-0100-D1,Marketing,7000,34880.02,7656.59,42536.61,INR,2025-05-06,2025-07-05,Net 45,Paid,PO-632797,,USR-0111-D1,2025-05-06 03:52:35,scanned_document,0.88,false,,
INV-00312-D1,COMP-05,VEN-0031-D1,Legal,6500,271041.22,59496.85,330538.07,INR,2025-04-11,2025-04-26,Net 30,Disputed,,CTR-9293,USR-0067-D1,2025-04-11 10:56:25,whatsapp_bot,0.98,true,,
INV-00313-D1,COMP-04,VEN-0014-D1,Customer Success,7000,180007.19,39513.77,219520.96,INR,2025-12-24,2026-01-23,Net 15,Pending,,CTR-7461,USR-0012-D1,2025-12-24 10:39:57,portal_upload,0.94,false,,
INV-00314-D1,COMP-01,VEN-0094-D1,Sales,6800,240837.58,52866.78,293704.36,INR,2025-08-20,2025-09-19,Net 45,Paid,,CTR-8106,USR-0056-D1,2025-08-20 14:04:05,email_upload,0.97,false,,
INV-00315-D1,COMP-02,VEN-0109-D1,Customer Success,6600,281669.58,61829.91,343499.49,INR,2025-09-07,2025-10-07,Net 60,Paid,,CTR-1137,USR-0043-D1,2025-09-07 19:23:23,whatsapp_bot,0.84,false,,
INV-00316-D1,COMP-02,VEN-0027-D1,Customer Success,6300,186243.08,40882.63,227125.71,INR,2026-05-27,2026-06-26,Net 45,Cancelled,,,USR-0031-D1,2026-05-27 14:23:57,email_upload,0.97,false,,
INV-00317-D1,COMP-03,VEN-0070-D1,HR,6900,244278.46,53622.1,297900.56,INR,2025-01-16,2025-01-31,Net 60,Overdue,,CTR-1015,USR-0104-D1,2025-01-16 15:31:15,email_upload,0.88,true,,
INV-00318-D1,COMP-02,VEN-0028-D1,IT,6500,239078.63,52480.68,291559.31,INR,2026-06-02,2026-06-17,Net 15,Pending,,,USR-0038-D1,2026-06-02 11:22:29,portal_upload,0.9,true,,
INV-00319-D1,COMP-02,VEN-0082-D1,Marketing,6700,319541.27,70143.21,389684.48,INR,2025-07-16,2025-08-15,Net 15,Paid,,,USR-0059-D1,2025-07-16 11:51:58,portal_upload,0.89,false,,
INV-00320-D1,COMP-01,VEN-0012-D1,Engineering,6200,173726.41,38135.07,211861.48,INR,2025-10-14,2025-12-13,Net 30,Overdue,,CTR-9678,USR-0100-D1,2025-10-14 19:52:12,whatsapp_bot,0.98,false,,
INV-00321-D1,COMP-04,VEN-0065-D1,Operations,6900,288818.70,63399.23,352217.93,INR,2025-05-09,2025-06-08,Net 15,Paid,,,USR-0115-D1,2025-05-09 09:45:01,email_upload,0.97,false,,
INV-00322-D1,COMP-05,VEN-0043-D1,Legal,6500,134659.60,29559.42,164219.02,INR,2025-05-07,2025-06-06,Net 60,Overdue,PO-317869,CTR-1379,USR-0027-D1,2025-05-07 13:08:05,email_upload,0.88,false,,
INV-00323-D1,COMP-01,VEN-0007-D1,HR,6110,32850.62,7211.11,40061.73,INR,2026-04-16,2026-06-15,Net 30,Paid,PO-458783,,USR-0030-D1,2026-04-16 13:30:25,scanned_document,0.98,true,,
INV-00324-D1,COMP-05,VEN-0054-D1,HR,6900,44368.98,9739.53,54108.51,INR,2025-08-23,2025-09-22,Net 30,Pending,PO-452453,,USR-0067-D1,2025-08-23 15:12:44,portal_upload,0.82,false,,
INV-00325-D1,COMP-04,VEN-0108-D1,Engineering,6200,6480.42,1422.53,7902.95,INR,2025-09-30,2025-10-15,Net 45,Paid,PO-350812,CTR-3676,USR-0039-D1,2025-09-30 10:57:41,whatsapp_bot,0.85,false,,
INV-00326-D1,COMP-04,VEN-0042-D1,Finance,6600,17507.05,3843.01,21350.06,INR,2025-04-22,2025-06-06,Net 30,Pending,PO-901016,CTR-1654,USR-0009-D1,2025-04-22 15:57:25,email_upload,0.88,false,,
INV-00327-D1,COMP-04,VEN-0096-D1,HR,6900,37238.30,8174.26,45412.56,INR,2026-04-11,2026-04-26,Net 30,Paid,PO-159367,CTR-2176,USR-0075-D1,2026-04-11 11:34:50,whatsapp_bot,0.95,false,,
INV-00328-D1,COMP-02,VEN-0107-D1,Sales,6900,14579.94,3200.47,17780.41,INR,2025-08-06,2025-08-21,Net 60,Paid,PO-693757,,USR-0052-D1,2025-08-06 16:47:00,portal_upload,0.48,false,,
INV-00329-D1,COMP-05,VEN-0103-D1,Engineering,6600,5170.62,1135.02,6305.64,INR,2025-05-25,2025-06-09,Net 15,Pending,PO-721670,,USR-0118-D1,2025-05-25 10:42:49,whatsapp_bot,0.5,false,,
INV-00330-D1,COMP-01,VEN-0026-D1,Legal,6500,7052.97,0.0,7052.97,USD,2025-08-14,2025-08-29,Net 15,Pending,PO-761047,,USR-0061-D1,2025-08-14 18:51:22,email_upload,0.54,true,,
INV-00331-D1,COMP-02,VEN-0020-D1,Operations,6800,543.65,119.34,662.99,INR,2025-09-09,2025-09-24,Net 30,Paid,PO-612963,,USR-0028-D1,2025-09-09 18:33:21,scanned_document,0.56,false,,
INV-00332-D1,COMP-02,VEN-0101-D1,R&D,6100,12263.34,2691.95,14955.29,INR,2025-11-03,2026-01-02,Net 30,Pending,PO-639664,,USR-0068-D1,2025-11-03 14:39:38,portal_upload,0.56,true,,
INV-00333-D1,COMP-01,VEN-0019-D1,Engineering,6500,32421.16,7116.84,39538.0,INR,2026-03-11,2026-05-10,Net 15,Overdue,PO-370022,CTR-3777,USR-0105-D1,2026-03-11 13:30:03,portal_upload,0.48,true,,
INV-00334-D1,COMP-04,VEN-0032-D1,R&D,6800,139.15,30.54,169.69,INR,2025-12-03,2026-01-02,Net 15,Pending,,CTR-5078,USR-0039-D1,2025-12-03 11:54:56,scanned_document,0.53,true,,
INV-00335-D1,COMP-01,VEN-0013-D1,Marketing,6110,574.68,126.15,700.83,INR,2025-05-20,2025-06-04,Net 45,Paid,PO-314648,,USR-0089-D1,2025-05-20 13:15:13,portal_upload,0.46,false,,
INV-00336-D1,COMP-05,VEN-0022-D1,R&D,6300,6468.55,1419.92,7888.47,INR,2025-01-31,2025-02-15,Net 15,Paid,PO-274472,CTR-4835,USR-0002-D1,2025-01-31 17:58:29,scanned_document,0.5,false,,
INV-00337-D1,COMP-01,VEN-0094-D1,Customer Success,6800,2984.14,655.06,3639.2,INR,2026-06-20,2026-08-19,Net 30,Cancelled,PO-596519,CTR-3816,USR-0065-D1,2026-06-20 19:02:22,email_upload,0.37,false,,
INV-00001-D2,COMP-01,VEN-0016-D2,R&D,,1432.66,0,1432.66,,2025-11-08,2026-01-07,,Disputed,,,,,email_upload,0.000,false,,
INV-00002-D2,COMP-01,VEN-0070-D2,Finance,,2519.60,0,2519.6,,2025-03-24,2025-04-08,,Disputed,,,,,email_upload,0.000,false,,
INV-00003-D2,COMP-01,VEN-0078-D2,Customer Success,,5232.25,0,5232.25,,2025-04-04,2025-05-04,,Cancelled,,,,,email_upload,0.000,false,,
INV-00004-D2,COMP-01,VEN-0076-D2,Sales,,23794.26,0,23794.26,,2026-11-20,2027-01-04,,Pending,,,,,email_upload,0.000,false,,
INV-00005-D2,COMP-01,VEN-0061-D2,Customer Success,,1580.94,0,1580.94,,2026-03-29,2026-05-13,,Paid,,,,,email_upload,0.000,false,,
INV-00006-D2,COMP-01,VEN-0056-D2,IT,,3210.45,0,3210.45,,2026-05-19,2026-06-03,,Pending,,,,,email_upload,0.000,false,,
INV-00007-D2,COMP-01,VEN-0043-D2,Legal,,10310.69,0,10310.69,,2025-04-18,2025-05-18,,Paid,,,,,email_upload,0.000,false,,
INV-00008-D2,COMP-01,VEN-0037-D2,Finance,,67945.44,0,67945.44,,2026-02-15,2026-03-02,,Pending,,,,,email_upload,0.000,false,,
INV-00009-D2,COMP-01,VEN-0033-D2,R&D,,1684.04,0,1684.04,,2026-02-18,2026-03-05,,Pending,,,,,email_upload,0.000,false,,
INV-00010-D2,COMP-01,VEN-0060-D2,Legal,,8440.98,0,8440.98,,2025-07-12,2025-08-26,,Pending,,,,,email_upload,0.000,false,,
INV-00011-D2,COMP-01,VEN-0081-D2,Sales,,46993.89,0,46993.89,,2025-02-22,2025-03-24,,Paid,,,,,email_upload,0.000,false,,
INV-00012-D2,COMP-01,VEN-0037-D2,Customer Success,,46621.03,0,46621.03,,2026-12-17,2027-02-15,,Paid,,,,,email_upload,0.000,false,,
INV-00013-D2,COMP-01,VEN-0031-D2,Marketing,,17889.68,0,17889.68,,2025-11-15,2025-11-30,,Pending,,,,,email_upload,0.000,false,,
INV-00014-D2,COMP-01,VEN-0029-D2,Sales,,14887.73,0,14887.73,,2025-04-27,2025-06-26,,Disputed,,,,,email_upload,0.000,false,,
INV-00015-D2,COMP-01,VEN-0064-D2,Legal,,28046.94,0,28046.94,,2025-10-26,2025-12-10,,Paid,,,,,email_upload,0.000,false,,
INV-00016-D2,COMP-01,VEN-0061-D2,Customer Success,,769.01,0,769.01,,2026-07-19,2026-08-18,,Paid,,,,,email_upload,0.000,false,,
INV-00017-D2,COMP-01,VEN-0066-D2,IT,,18784.17,0,18784.17,,2025-05-20,2025-06-04,,Paid,,,,,email_upload,0.000,false,,
INV-00018-D2,COMP-01,VEN-0044-D2,Operations,,23389.09,0,23389.09,,2026-06-04,2026-07-19,,Overdue,,,,,email_upload,0.000,false,,
INV-00019-D2,COMP-01,VEN-0093-D2,Legal,,6181.55,0,6181.55,,2026-08-25,2026-10-24,,Disputed,,,,,email_upload,0.000,false,,
INV-00020-D2,COMP-01,VEN-0069-D2,Finance,,15045.90,0,15045.9,,2025-12-07,2026-02-05,,Pending,,,,,email_upload,0.000,false,,
INV-00021-D2,COMP-01,VEN-0025-D2,IT,,19621.26,0,19621.26,,2025-09-02,2025-11-01,,Paid,,,,,email_upload,0.000,false,,
INV-00022-D2,COMP-01,VEN-0006-D2,Sales,,5113.56,0,5113.56,,2026-04-30,2026-06-29,,Paid,,,,,email_upload,0.000,false,,
INV-00023-D2,COMP-01,VEN-0064-D2,Legal,,28979.91,0,28979.91,,2025-05-10,2025-06-24,,Disputed,,,,,email_upload,0.000,false,,
INV-00024-D2,COMP-01,VEN-0013-D2,IT,,13385.80,0,13385.8,,2026-04-13,2026-04-28,,Overdue,,,,,email_upload,0.000,false,,
INV-00025-D2,COMP-01,VEN-0084-D2,Operations,,48557.93,0,48557.93,,2025-03-18,2025-05-17,,Overdue,,,,,email_upload,0.000,false,,
INV-00026-D2,COMP-01,VEN-0044-D2,R&D,,15769.86,0,15769.86,,2026-02-12,2026-02-27,,Disputed,,,,,email_upload,0.000,false,,
INV-00027-D2,COMP-01,VEN-0049-D2,Engineering,,4775.28,0,4775.28,,2026-10-04,2026-12-03,,Disputed,,,,,email_upload,0.000,false,,
INV-00028-D2,COMP-01,VEN-0080-D2,Marketing,,435.26,0,435.26,,2026-10-09,2026-11-23,,Cancelled,,,,,email_upload,0.000,false,,
INV-00029-D2,COMP-01,VEN-0056-D2,Operations,,4893.85,0,4893.85,,2026-10-11,2026-10-26,,Paid,,,,,email_upload,0.000,false,,
INV-00030-D2,COMP-01,VEN-0004-D2,IT,,4207.57,0,4207.57,,2025-02-27,2025-04-13,,Paid,,,,,email_upload,0.000,false,,
INV-00031-D2,COMP-01,VEN-0019-D2,Marketing,,5110.69,0,5110.69,,2026-02-26,2026-03-28,,Paid,,,,,email_upload,0.000,false,,
INV-00032-D2,COMP-01,VEN-0079-D2,Customer Success,,21835.57,0,21835.57,,2026-09-27,2026-10-27,,Pending,,,,,email_upload,0.000,false,,
INV-00033-D2,COMP-01,VEN-0019-D2,Engineering,,4874.11,0,4874.11,,2026-10-16,2026-11-30,,Pending,,,,,email_upload,0.000,false,,
INV-00034-D2,COMP-01,VEN-0060-D2,Finance,,18053.83,0,18053.83,,2026-11-25,2026-12-25,,Paid,,,,,email_upload,0.000,false,,
INV-00035-D2,COMP-01,VEN-0076-D2,Operations,,7829.28,0,7829.28,,2026-03-11,2026-04-25,,Pending,,,,,email_upload,0.000,false,,
INV-00036-D2,COMP-01,VEN-0026-D2,Customer Success,,14990.92,0,14990.92,,2026-05-10,2026-05-25,,Paid,,,,,email_upload,0.000,false,,
INV-00037-D2,COMP-01,VEN-0046-D2,IT,,17669.55,0,17669.55,,2026-12-18,2027-02-01,,Paid,,,,,email_upload,0.000,false,,
INV-00038-D2,COMP-01,VEN-0036-D2,Legal,,459.53,0,459.53,,2026-12-04,2026-12-19,,Disputed,,,,,email_upload,0.000,false,,
INV-00039-D2,COMP-01,VEN-0037-D2,HR,,78695.39,0,78695.39,,2025-08-24,2025-10-08,,Paid,,,,,email_upload,0.000,false,,
INV-00040-D2,COMP-01,VEN-0080-D2,Engineering,,1328.07,0,1328.07,,2026-11-07,2026-12-07,,Pending,,,,,email_upload,0.000,false,,
INV-00041-D2,COMP-01,VEN-0040-D2,Marketing,,11934.85,0,11934.85,,2025-02-04,2025-03-21,,Overdue,,,,,email_upload,0.000,false,,
INV-00042-D2,COMP-01,VEN-0038-D2,R&D,,17682.52,0,17682.52,,2026-03-02,2026-04-01,,Paid,,,,,email_upload,0.000,false,,
INV-00043-D2,COMP-01,VEN-0047-D2,Legal,,13505.88,0,13505.88,,2025-10-07,2025-11-06,,Paid,,,,,email_upload,0.000,false,,
INV-00044-D2,COMP-01,VEN-0038-D2,Marketing,,37834.85,0,37834.85,,2025-12-13,2025-12-28,,Pending,,,,,email_upload,0.000,false,,
INV-00045-D2,COMP-01,VEN-0019-D2,R&D,,15156.78,0,15156.78,,2025-08-20,2025-10-19,,Cancelled,,,,,email_upload,0.000,false,,
INV-00046-D2,COMP-01,VEN-0047-D2,Marketing,,2712.42,0,2712.42,,2026-02-09,2026-02-24,,Paid,,,,,email_upload,0.000,false,,
INV-00047-D2,COMP-01,VEN-0059-D2,Finance,,11688.98,0,11688.98,,2026-11-20,2027-01-04,,Pending,,,,,email_upload,0.000,false,,
INV-00048-D2,COMP-01,VEN-0014-D2,R&D,,10285.13,0,10285.13,,2026-04-28,2026-05-13,,Pending,,,,,email_upload,0.000,false,,
INV-00049-D2,COMP-01,VEN-0042-D2,Legal,,4584.75,0,4584.75,,2025-08-15,2025-08-30,,Pending,,,,,email_upload,0.000,false,,
INV-00050-D2,COMP-01,VEN-0090-D2,Engineering,,25570.83,0,25570.83,,2026-02-23,2026-03-10,,Paid,,,,,email_upload,0.000,false,,
INV-00051-D2,COMP-01,VEN-0039-D2,R&D,,29881.89,0,29881.89,,2025-04-29,2025-05-14,,Paid,,,,,email_upload,0.000,false,,
INV-00052-D2,COMP-01,VEN-0018-D2,Sales,,12270.73,0,12270.73,,2026-01-15,2026-03-16,,Pending,,,,,email_upload,0.000,false,,
INV-00053-D2,COMP-01,VEN-0054-D2,Operations,,13201.96,0,13201.96,,2026-05-17,2026-07-16,,Disputed,,,,,email_upload,0.000,false,,
INV-00054-D2,COMP-01,VEN-0005-D2,HR,,13898.53,0,13898.53,,2025-08-11,2025-10-10,,Paid,,,,,email_upload,0.000,false,,
INV-00055-D2,COMP-01,VEN-0047-D2,Finance,,2934.19,0,2934.19,,2026-12-04,2027-01-18,,Pending,,,,,email_upload,0.000,false,,
INV-00056-D2,COMP-01,VEN-0008-D2,Legal,,8143.35,0,8143.35,,2025-07-14,2025-07-29,,Disputed,,,,,email_upload,0.000,false,,
INV-00057-D2,COMP-01,VEN-0012-D2,Finance,,53695.96,0,53695.96,,2026-10-20,2026-11-04,,Paid,,,,,email_upload,0.000,false,,
INV-00058-D2,COMP-01,VEN-0032-D2,R&D,,4945.22,0,4945.22,,2026-08-02,2026-09-01,,Paid,,,,,email_upload,0.000,false,,
INV-00059-D2,COMP-01,VEN-0027-D2,Customer Success,,1779.83,0,1779.83,,2025-08-27,2025-10-11,,Overdue,,,,,email_upload,0.000,false,,
INV-00060-D2,COMP-01,VEN-0001-D2,Sales,,5762.31,0,5762.31,,2025-05-29,2025-06-28,,Pending,,,,,email_upload,0.000,false,,
INV-00061-D2,COMP-01,VEN-0015-D2,HR,,16695.91,0,16695.91,,2025-01-27,2025-02-26,,Paid,,,,,email_upload,0.000,false,,
INV-00062-D2,COMP-01,VEN-0076-D2,IT,,8432.40,0,8432.4,,2025-06-28,2025-08-12,,Paid,,,,,email_upload,0.000,false,,
INV-00063-D2,COMP-01,VEN-0068-D2,Finance,,656.88,0,656.88,,2025-03-07,2025-05-06,,Paid,,,,,email_upload,0.000,false,,
INV-00064-D2,COMP-01,VEN-0066-D2,Engineering,,15044.82,0,15044.82,,2026-04-08,2026-05-08,,Disputed,,,,,email_upload,0.000,false,,
INV-00065-D2,COMP-01,VEN-0094-D2,Engineering,,19689.06,0,19689.06,,2026-11-06,2026-12-21,,Pending,,,,,email_upload,0.000,false,,
INV-00066-D2,COMP-01,VEN-0008-D2,Legal,,19972.16,0,19972.16,,2026-02-16,2026-04-17,,Pending,,,,,email_upload,0.000,false,,
INV-00067-D2,COMP-01,VEN-0092-D2,Sales,,72956.66,0,72956.66,,2025-03-17,2025-04-01,,Paid,,,,,email_upload,0.000,false,,
INV-00068-D2,COMP-01,VEN-0009-D2,Customer Success,,16988.20,0,16988.2,,2026-10-02,2026-11-16,,Paid,,,,,email_upload,0.000,false,,
INV-00069-D2,COMP-01,VEN-0068-D2,Marketing,,1545.00,0,1545.0,,2026-06-02,2026-08-01,,Paid,,,,,email_upload,0.000,false,,
INV-00070-D2,COMP-01,VEN-0084-D2,HR,,33244.00,0,33244.0,,2026-07-19,2026-08-18,,Paid,,,,,email_upload,0.000,false,,
INV-00071-D2,COMP-01,VEN-0053-D2,Marketing,,1049.85,0,1049.85,,2026-04-10,2026-06-09,,Paid,,,,,email_upload,0.000,false,,
INV-00072-D2,COMP-01,VEN-0041-D2,Sales,,35287.59,0,35287.59,,2026-11-13,2026-12-28,,Paid,,,,,email_upload,0.000,false,,
INV-00073-D2,COMP-01,VEN-0088-D2,Marketing,,46303.28,0,46303.28,,2025-03-10,2025-03-25,,Overdue,,,,,email_upload,0.000,false,,
INV-00074-D2,COMP-01,VEN-0056-D2,Customer Success,,573.17,0,573.17,,2026-01-17,2026-02-16,,Pending,,,,,email_upload,0.000,false,,
INV-00075-D2,COMP-01,VEN-0072-D2,IT,,14261.24,0,14261.24,,2026-11-18,2026-12-03,,Paid,,,,,email_upload,0.000,false,,
INV-00076-D2,COMP-01,VEN-0093-D2,Customer Success,,1313.49,0,1313.49,,2025-10-22,2025-12-06,,Paid,,,,,email_upload,0.000,false,,
INV-00077-D2,COMP-01,VEN-0065-D2,Marketing,,12211.46,0,12211.46,,2026-11-04,2027-01-03,,Paid,,,,,email_upload,0.000,false,,
INV-00078-D2,COMP-01,VEN-0045-D2,Customer Success,,85310.47,0,85310.47,,2026-01-12,2026-01-27,,Overdue,,,,,email_upload,0.000,false,,
INV-00079-D2,COMP-01,VEN-0029-D2,Operations,,12204.71,0,12204.71,,2026-07-29,2026-08-13,,Pending,,,,,email_upload,0.000,false,,
INV-00080-D2,COMP-01,VEN-0004-D2,Finance,,10659.97,0,10659.97,,2026-12-21,2027-02-04,,Disputed,,,,,email_upload,0.000,false,,
INV-00081-D2,COMP-01,VEN-0001-D2,Engineering,,3873.69,0,3873.69,,2025-05-27,2025-07-26,,Paid,,,,,email_upload,0.000,false,,
INV-00082-D2,COMP-01,VEN-0012-D2,Finance,,60196.72,0,60196.72,,2025-08-09,2025-10-08,,Paid,,,,,email_upload,0.000,false,,
INV-00083-D2,COMP-01,VEN-0021-D2,Sales,,40155.04,0,40155.04,,2025-11-29,2025-12-14,,Disputed,,,,,email_upload,0.000,false,,
INV-00084-D2,COMP-01,VEN-0021-D2,IT,,76671.41,0,76671.41,,2025-02-20,2025-03-07,,Paid,,,,,email_upload,0.000,false,,
INV-00085-D2,COMP-01,VEN-0063-D2,R&D,,4935.19,0,4935.19,,2026-03-01,2026-04-15,,Paid,,,,,email_upload,0.000,false,,
INV-00086-D2,COMP-01,VEN-0015-D2,Customer Success,,8956.73,0,8956.73,,2025-04-24,2025-06-08,,Pending,,,,,email_upload,0.000,false,,
INV-00087-D2,COMP-01,VEN-0063-D2,Customer Success,,4310.09,0,4310.09,,2025-11-12,2025-11-27,,Paid,,,,,email_upload,0.000,false,,
INV-00088-D2,COMP-01,VEN-0008-D2,Operations,,451.44,0,451.44,,2025-11-05,2025-12-05,,Overdue,,,,,email_upload,0.000,false,,
INV-00089-D2,COMP-01,VEN-0038-D2,Sales,,17749.87,0,17749.87,,2025-01-08,2025-03-09,,Overdue,,,,,email_upload,0.000,false,,
INV-00090-D2,COMP-01,VEN-0017-D2,Finance,,1171.61,0,1171.61,,2026-12-22,2027-01-21,,Pending,,,,,email_upload,0.000,false,,
INV-00091-D2,COMP-01,VEN-0010-D2,Marketing,,10228.24,0,10228.24,,2025-02-13,2025-04-14,,Paid,,,,,email_upload,0.000,false,,
INV-00092-D2,COMP-01,VEN-0041-D2,IT,,46909.21,0,46909.21,,2026-08-11,2026-10-10,,Overdue,,,,,email_upload,0.000,false,,
INV-00093-D2,COMP-01,VEN-0038-D2,Customer Success,,7528.32,0,7528.32,,2025-01-22,2025-03-08,,Paid,,,,,email_upload,0.000,false,,
INV-00094-D2,COMP-01,VEN-0059-D2,Marketing,,25128.75,0,25128.75,,2026-01-06,2026-01-21,,Paid,,,,,email_upload,0.000,false,,
INV-00095-D2,COMP-01,VEN-0032-D2,Operations,,2234.81,0,2234.81,,2026-02-15,2026-03-02,,Paid,,,,,email_upload,0.000,false,,
INV-00096-D2,COMP-01,VEN-0096-D2,Marketing,,37253.76,0,37253.76,,2025-12-08,2026-01-07,,Paid,,,,,email_upload,0.000,false,,
INV-00097-D2,COMP-01,VEN-0068-D2,Sales,,2598.77,0,2598.77,,2025-12-24,2026-02-07,,Overdue,,,,,email_upload,0.000,false,,
INV-00098-D2,COMP-01,VEN-0031-D2,Sales,,3018.71,0,3018.71,,2025-09-20,2025-10-20,,Paid,,,,,email_upload,0.000,false,,
INV-00099-D2,COMP-01,VEN-0098-D2,Legal,,2289.50,0,2289.5,,2025-03-19,2025-04-18,,Cancelled,,,,,email_upload,0.000,false,,
INV-00100-D2,COMP-01,VEN-0060-D2,Customer Success,,15162.58,0,15162.58,,2026-08-17,2026-10-16,,Pending,,,,,email_upload,0.000,false,,
INV-00101-D2,COMP-01,VEN-0083-D2,Finance,,9711.83,0,9711.83,,2026-10-02,2026-11-16,,Disputed,,,,,email_upload,0.000,false,,
INV-00102-D2,COMP-01,VEN-0020-D2,Operations,,36301.50,0,36301.5,,2026-04-26,2026-06-25,,Pending,,,,,email_upload,0.000,false,,
INV-00103-D2,COMP-01,VEN-0076-D2,Legal,,1876.22,0,1876.22,,2026-06-04,2026-06-19,,Paid,,,,,email_upload,0.000,false,,
INV-00104-D2,COMP-01,VEN-0005-D2,Marketing,,1420.73,0,1420.73,,2025-10-21,2025-11-05,,Pending,,,,,email_upload,0.000,false,,
INV-00105-D2,COMP-01,VEN-0079-D2,Engineering,,15054.96,0,15054.96,,2026-01-29,2026-03-30,,Pending,,,,,email_upload,0.000,false,,
INV-00106-D2,COMP-01,VEN-0058-D2,Legal,,2731.70,0,2731.7,,2026-08-09,2026-09-08,,Paid,,,,,email_upload,0.000,false,,
INV-00107-D2,COMP-01,VEN-0065-D2,Finance,,9241.33,0,9241.33,,2025-03-05,2025-05-04,,Paid,,,,,email_upload,0.000,false,,
INV-00108-D2,COMP-01,VEN-0092-D2,Legal,,8577.67,0,8577.67,,2026-10-24,2026-11-23,,Paid,,,,,email_upload,0.000,false,,
INV-00109-D2,COMP-01,VEN-0057-D2,Operations,,42877.35,0,42877.35,,2026-09-17,2026-10-17,,Paid,,,,,email_upload,0.000,false,,
INV-00110-D2,COMP-01,VEN-0050-D2,Finance,,3388.40,0,3388.4,,2025-12-13,2025-12-28,,Overdue,,,,,email_upload,0.000,false,,
INV-00111-D2,COMP-01,VEN-0009-D2,Customer Success,,36320.62,0,36320.62,,2026-07-26,2026-09-24,,Paid,,,,,email_upload,0.000,false,,
INV-00112-D2,COMP-01,VEN-0020-D2,Operations,,28002.24,0,28002.24,,2026-08-20,2026-09-19,,Disputed,,,,,email_upload,0.000,false,,
INV-00113-D2,COMP-01,VEN-0084-D2,Marketing,,35527.04,0,35527.04,,2026-02-06,2026-03-08,,Pending,,,,,email_upload,0.000,false,,
INV-00114-D2,COMP-01,VEN-0040-D2,R&D,,8604.37,0,8604.37,,2026-10-21,2026-12-05,,Overdue,,,,,email_upload,0.000,false,,
INV-00115-D2,COMP-01,VEN-0012-D2,Operations,,52389.94,0,52389.94,,2026-03-10,2026-04-24,,Paid,,,,,email_upload,0.000,false,,
INV-00116-D2,COMP-01,VEN-0024-D2,Sales,,23803.65,0,23803.65,,2025-12-16,2026-02-14,,Paid,,,,,email_upload,0.000,false,,
INV-00117-D2,COMP-01,VEN-0020-D2,Customer Success,,8018.88,0,8018.88,,2025-04-14,2025-04-29,,Pending,,,,,email_upload,0.000,false,,
INV-00118-D2,COMP-01,VEN-0017-D2,Customer Success,,1811.88,0,1811.88,,2025-06-07,2025-07-07,,Paid,,,,,email_upload,0.000,false,,
INV-00119-D2,COMP-01,VEN-0022-D2,HR,,5825.23,0,5825.23,,2025-02-14,2025-04-15,,Paid,,,,,email_upload,0.000,false,,
INV-00120-D2,COMP-01,VEN-0057-D2,Operations,,49626.44,0,49626.44,,2026-04-05,2026-05-05,,Pending,,,,,email_upload,0.000,false,,
INV-00121-D2,COMP-01,VEN-0061-D2,Customer Success,,2716.72,0,2716.72,,2025-07-18,2025-09-01,,Pending,,,,,email_upload,0.000,false,,
INV-00122-D2,COMP-01,VEN-0057-D2,IT,,38011.04,0,38011.04,,2025-10-16,2025-12-15,,Pending,,,,,email_upload,0.000,false,,
INV-00123-D2,COMP-01,VEN-0021-D2,Engineering,,82604.67,0,82604.67,,2026-09-12,2026-10-12,,Disputed,,,,,email_upload,0.000,false,,
INV-00124-D2,COMP-01,VEN-0083-D2,R&D,,7468.56,0,7468.56,,2026-01-16,2026-01-31,,Overdue,,,,,email_upload,0.000,false,,
INV-00125-D2,COMP-01,VEN-0016-D2,R&D,,890.94,0,890.94,,2025-06-14,2025-07-29,,Paid,,,,,email_upload,0.000,false,,
INV-00126-D2,COMP-01,VEN-0019-D2,Finance,,16671.62,0,16671.62,,2025-04-04,2025-05-04,,Overdue,,,,,email_upload,0.000,false,,
INV-00127-D2,COMP-01,VEN-0004-D2,Marketing,,21915.05,0,21915.05,,2026-02-10,2026-03-27,,Paid,,,,,email_upload,0.000,false,,
INV-00128-D2,COMP-01,VEN-0048-D2,Finance,,3755.81,0,3755.81,,2025-11-23,2025-12-08,,Overdue,,,,,email_upload,0.000,false,,
INV-00129-D2,COMP-01,VEN-0019-D2,Sales,,3010.71,0,3010.71,,2025-10-21,2025-12-20,,Pending,,,,,email_upload,0.000,false,,
INV-00130-D2,COMP-01,VEN-0098-D2,Engineering,,2131.33,0,2131.33,,2026-04-05,2026-04-20,,Disputed,,,,,email_upload,0.000,false,,
INV-00131-D2,COMP-01,VEN-0033-D2,Operations,,1156.71,0,1156.71,,2025-06-03,2025-08-02,,Paid,,,,,email_upload,0.000,false,,
INV-00132-D2,COMP-01,VEN-0031-D2,Customer Success,,7878.20,0,7878.2,,2025-02-18,2025-03-20,,Paid,,,,,email_upload,0.000,false,,
INV-00133-D2,COMP-01,VEN-0059-D2,Customer Success,,2821.41,0,2821.41,,2026-05-27,2026-06-11,,Pending,,,,,email_upload,0.000,false,,
INV-00134-D2,COMP-01,VEN-0031-D2,Finance,,18104.34,0,18104.34,,2025-10-26,2025-12-25,,Paid,,,,,email_upload,0.000,false,,
INV-00135-D2,COMP-01,VEN-0031-D2,Finance,,14481.26,0,14481.26,,2025-07-11,2025-07-26,,Pending,,,,,email_upload,0.000,false,,
INV-00136-D2,COMP-01,VEN-0009-D2,Legal,,95573.35,0,95573.35,,2026-07-12,2026-07-27,,Paid,,,,,email_upload,0.000,false,,
INV-00137-D2,COMP-01,VEN-0006-D2,Finance,,9717.23,0,9717.23,,2026-01-18,2026-03-04,,Overdue,,,,,email_upload,0.000,false,,
INV-00138-D2,COMP-01,VEN-0009-D2,Finance,,37756.24,0,37756.24,,2026-11-04,2026-11-19,,Overdue,,,,,email_upload,0.000,false,,
INV-00139-D2,COMP-01,VEN-0018-D2,Sales,,2285.73,0,2285.73,,2026-07-14,2026-08-28,,Overdue,,,,,email_upload,0.000,false,,
INV-00140-D2,COMP-01,VEN-0100-D2,Sales,,55405.24,0,55405.24,,2026-12-14,2027-02-12,,Pending,,,,,email_upload,0.000,false,,
INV-00141-D2,COMP-01,VEN-0009-D2,Engineering,,73024.28,0,73024.28,,2026-04-14,2026-04-29,,Paid,,,,,email_upload,0.000,false,,
INV-00142-D2,COMP-01,VEN-0026-D2,R&D,,13343.96,0,13343.96,,2025-11-20,2026-01-04,,Pending,,,,,email_upload,0.000,false,,
INV-00143-D2,COMP-01,VEN-0061-D2,Engineering,,797.28,0,797.28,,2026-10-25,2026-11-24,,Paid,,,,,email_upload,0.000,false,,
INV-00144-D2,COMP-01,VEN-0084-D2,IT,,17932.38,0,17932.38,,2025-05-08,2025-06-22,,Paid,,,,,email_upload,0.000,false,,
INV-00145-D2,COMP-01,VEN-0096-D2,Legal,,46774.98,0,46774.98,,2026-01-31,2026-03-17,,Cancelled,,,,,email_upload,0.000,false,,
INV-00146-D2,COMP-01,VEN-0089-D2,IT,,1517.69,0,1517.69,,2026-06-16,2026-07-31,,Overdue,,,,,email_upload,0.000,false,,
INV-00147-D2,COMP-01,VEN-0011-D2,Marketing,,45907.68,0,45907.68,,2025-07-04,2025-08-18,,Paid,,,,,email_upload,0.000,false,,
INV-00148-D2,COMP-01,VEN-0042-D2,IT,,3338.50,0,3338.5,,2025-11-10,2026-01-09,,Pending,,,,,email_upload,0.000,false,,
INV-00149-D2,COMP-01,VEN-0022-D2,Finance,,5580.17,0,5580.17,,2025-12-26,2026-02-24,,Paid,,,,,email_upload,0.000,false,,
INV-00150-D2,COMP-01,VEN-0079-D2,IT,,24954.69,0,24954.69,,2025-10-09,2025-10-24,,Paid,,,,,email_upload,0.000,false,,
INV-00151-D2,COMP-01,VEN-0047-D2,Sales,,13070.61,0,13070.61,,2026-11-27,2026-12-27,,Cancelled,,,,,email_upload,0.000,false,,
INV-00152-D2,COMP-01,VEN-0078-D2,HR,,13658.35,0,13658.35,,2026-03-25,2026-04-09,,Paid,,,,,email_upload,0.000,false,,
INV-00153-D2,COMP-01,VEN-0100-D2,Engineering,,52322.70,0,52322.7,,2026-01-06,2026-03-07,,Disputed,,,,,email_upload,0.000,false,,
INV-00154-D2,COMP-01,VEN-0078-D2,Marketing,,3322.73,0,3322.73,,2026-04-06,2026-05-21,,Paid,,,,,email_upload,0.000,false,,
INV-00155-D2,COMP-01,VEN-0074-D2,Operations,,774.71,0,774.71,,2026-01-11,2026-03-12,,Paid,,,,,email_upload,0.000,false,,
INV-00156-D2,COMP-01,VEN-0032-D2,IT,,4806.55,0,4806.55,,2025-01-27,2025-02-26,,Pending,,,,,email_upload,0.000,false,,
INV-00157-D2,COMP-01,VEN-0072-D2,Customer Success,,3385.14,0,3385.14,,2025-09-24,2025-11-23,,Paid,,,,,email_upload,0.000,false,,
INV-00158-D2,COMP-01,VEN-0037-D2,Marketing,,70928.16,0,70928.16,,2026-05-18,2026-06-17,,Paid,,,,,email_upload,0.000,false,,
INV-00159-D2,COMP-01,VEN-0058-D2,Finance,,559.34,0,559.34,,2026-04-01,2026-04-16,,Overdue,,,,,email_upload,0.000,false,,
INV-00160-D2,COMP-01,VEN-0086-D2,Sales,,5537.67,0,5537.67,,2025-03-08,2025-04-22,,Disputed,,,,,email_upload,0.000,false,,